date,amount,category,description,payment_method,is_fixed,memo
2024-01-01,11000,식비,저녁 외식,카드,False,
2024-01-02,30400,교육,온라인 강의,카드,False,
2024-01-02,30400,식비,투썸플레이스 음료,카드,False,
2024-01-02,11000,기타,기타 지출,카드,False,
2024-01-02,903000,기타,부모님 요양원,계좌이체,True,부모님 부양(고정)
2024-01-02,11000,기타,벌금,카드,False,
2024-01-02,11000,의료/건강,병원 진료,카드,False,
2024-01-03,1351600,주거/통신,대출 상환,계좌이체,True,
2024-01-03,30400,문화/여가,전시회,카드,False,
2024-01-03,15200,식비,편의점,카드,False,
2024-01-05,55000,주거/통신,휴대폰 요금,카드,True,
2024-01-05,15200,교육,온라인 강의,카드,False,
2024-01-05,11000,식비,배달 음식,카드,False,
2024-01-05,9500,식비,배달 음식,카드,False,
2024-01-07,21400,식비,점심 식사,카드,False,
2024-01-07,11000,교육,도서 구매,카드,False,
2024-01-08,18400,식비,공차 음료,카드,False,
2024-01-09,14600,식비,편의점,카드,False,
2024-01-09,10900,식비,배달 음식,카드,False,
2024-01-10,22900,식비,개인카페 음료,카드,False,
2024-01-11,22900,기타,기부,카드,False,
2024-01-11,21700,식비,저녁 외식,카드,False,
2024-01-12,12200,식비,배달 음식,카드,False,
2024-01-12,133800,기타,미용실,카드,False,미용실(2달당 최대1회)
2024-01-13,5000,교통비,버스,카드,False,
2024-01-14,202400,식비,장보기(마트),카드,False,
2024-01-16,7100,교통비,버스,카드,False,
2024-01-16,4300,교통비,버스,카드,False,
2024-01-17,11400,식비,점심 식사,카드,False,
2024-01-17,3300,교통비,지하철 교통카드,카드,False,
2024-01-17,10000,문화/여가,영화 관람,카드,False,
2024-01-18,10100,식비,이디야 음료,카드,False,
2024-01-18,10100,교육,스터디 비용,카드,False,
2024-01-19,10100,교육,자격증 응시료,카드,False,
2024-01-20,5000,식비,편의점,카드,False,
2024-01-20,10100,쇼핑,아울렛 | 생필품 구매,카드,False,
2024-01-21,17000,구독,넷플릭스,카드,True,구독(해지/재가입 가능)
2024-01-21,223500,식비,장보기(마트),카드,False,
2024-01-21,200000,쇼핑,아울렛 | 생필품 구매,카드,False,
2024-01-22,5000,식비,배달 음식,카드,False,
2024-01-22,7000,식비,배달 음식,카드,False,
2024-01-22,5800,교통비,버스,카드,False,
2024-01-23,3200,교통비,지하철 교통카드,카드,False,
2024-01-23,10800,식비,저녁 외식,카드,False,
2024-01-25,10800,교육,스터디 비용,카드,False,
2024-01-25,15400,교통비,버스,카드,False,
2024-01-26,61100,기타,기타 지출,카드,False,
2024-01-26,81000,쇼핑,백화점 | 의류 구매,카드,False,
2024-01-26,118500,식비,장보기(마트),카드,False,
2024-01-26,8300,교통비,지하철 교통카드,카드,False,
2024-01-26,61100,식비,장보기(마트),카드,False,
2024-01-27,81000,기타,기부,카드,False,
2024-01-27,41200,쇼핑,백화점 | 화장품 구매,카드,False,
2024-01-28,41200,문화/여가,입장권/티켓,카드,False,
2024-01-29,41200,의료/건강,헬스장,카드,False,
2024-01-29,294600,식비,장보기(마트),카드,False,
2024-01-29,214200,식비,장보기(마트),카드,False,
2024-01-29,134700,식비,장보기(마트),카드,False,
2024-01-29,41200,의료/건강,약국,카드,False,
2024-01-30,7600,식비,점심 식사,카드,False,
2024-01-30,8400,식비,저녁 외식,카드,False,
2024-01-30,12000,식비,점심 식사,카드,False,
2024-01-30,120000,쇼핑,백화점 | 의류 구매,카드,False,
2024-01-31,120000,교육,온라인 강의,카드,False,
2024-01-31,189700,쇼핑,쿠팡 | 생필품 구매,카드,False,
2024-01-31,272200,식비,장보기(마트),카드,False,
2024-01-31,189700,식비,장보기(마트),카드,False,
2024-02-01,4600,교통비,지하철 교통카드,카드,False,
2024-02-01,4600,기타,기부,카드,False,
2024-02-01,9500,식비,점심 식사,카드,False,
2024-02-02,903000,기타,부모님 요양원,계좌이체,True,부모님 부양(고정)
2024-02-02,16800,식비,투썸플레이스 음료,카드,False,
2024-02-03,18100,식비,편의점,카드,False,
2024-02-03,1351600,주거/통신,대출 상환,계좌이체,True,
2024-02-03,16800,교육,온라인 강의,카드,False,
2024-02-03,5700,식비,편의점,카드,False,
2024-02-04,5700,교육,도서 구매,카드,False,
2024-02-05,5700,의료/건강,약국,카드,False,
2024-02-05,55000,주거/통신,휴대폰 요금,카드,True,
2024-02-05,10000,교육,도서 구매,카드,False,
2024-02-05,5700,기타,수수료,카드,False,
2024-02-05,10000,문화/여가,영화 관람,카드,False,
2024-02-06,10000,기타,벌금,카드,False,
2024-02-07,10000,기타,수수료,카드,False,
2024-02-07,7100,식비,배달 음식,카드,False,
2024-02-08,17300,식비,점심 식사,카드,False,
2024-02-08,3600,식비,매머드 익스프레스 음료,카드,False,
2024-02-09,2100,교통비,지하철 교통카드,카드,False,
2024-02-10,55400,식비,장보기(마트),카드,False,
2024-02-10,237300,식비,장보기(마트),카드,False,
2024-02-10,5000,교통비,택시,카드,False,
2024-02-11,136000,식비,장보기(마트),카드,False,
2024-02-11,283600,식비,장보기(마트),카드,False,
2024-02-13,4200,식비,점심 식사,카드,False,
2024-02-15,10000,교육,자격증 응시료,카드,False,
2024-02-15,10000,문화/여가,전시회,카드,False,
2024-02-16,16700,문화/여가,입장권/티켓,카드,False,
2024-02-16,10000,문화/여가,전시회,카드,False,
2024-02-16,16700,식비,점심 식사,카드,False,
2024-02-16,11200,쇼핑,쿠팡 | 잡화 구매,카드,False,
2024-02-17,119900,식비,장보기(마트),카드,False,
2024-02-17,15700,쇼핑,네이버쇼핑 | 잡화 구매,카드,False,
2024-02-17,11200,교육,스터디 비용,카드,False,
2024-02-19,119900,교육,온라인 강의,카드,False,
2024-02-19,119900,교육,도서 구매,카드,False,
2024-02-20,93300,식비,장보기(마트),카드,False,
2024-02-20,92000,쇼핑,아울렛 | 의류 구매,카드,False,
2024-02-21,39900,의료/건강,병원 진료,카드,False,돌발 진료(급성)
2024-02-21,17000,구독,넷플릭스,카드,True,구독(해지/재가입 가능)
2024-02-21,5900,식비,점심 식사,카드,False,
2024-02-21,15300,의료/건강,약국,카드,False,병원 후속(약국) | 돌발 진료(급성)
2024-02-21,5900,의료/건강,헬스장,카드,False,
2024-02-23,39900,기타,기타 지출,카드,False,
2024-02-23,22000,식비,투썸플레이스 음료,카드,False,
2024-02-23,2700,식비,저녁 외식,카드,False,
2024-02-24,3000,교육,특강/세미나,카드,False,
2024-02-24,3000,교육,스터디 비용,카드,False,
2024-02-26,3000,기타,기타 지출,카드,False,
2024-02-26,14400,식비,편의점,카드,False,
2024-02-27,14400,기타,기부,카드,False,
2024-02-27,5100,교통비,지하철 교통카드,카드,False,
2024-02-27,7600,식비,매머드 익스프레스 음료,카드,False,
2024-02-28,10000,문화/여가,공연,카드,False,
2024-02-29,11500,식비,편의점,카드,False,
2024-03-02,82200,식비,장보기(마트),카드,False,
2024-03-02,107900,식비,장보기(마트),카드,False,
2024-03-02,903000,기타,부모님 요양원,계좌이체,True,부모님 부양(고정)
2024-03-02,51600,식비,장보기(마트),카드,False,
2024-03-03,1351600,주거/통신,대출 상환,계좌이체,True,
2024-03-03,118300,식비,장보기(마트),카드,False,
2024-03-04,80000,교육,스터디 비용,카드,False,
2024-03-05,55000,주거/통신,휴대폰 요금,카드,True,
2024-03-05,6100,식비,저녁 외식,카드,False,
2024-03-05,6100,교육,특강/세미나,카드,False,
2024-03-06,59700,식비,장보기(마트),카드,False,
2024-03-06,59700,교육,자격증 응시료,카드,False,
2024-03-06,6100,기타,기부,카드,False,
2024-03-07,10000,식비,저녁 외식,카드,False,
2024-03-07,3800,교통비,버스,카드,False,
2024-03-08,10000,기타,벌금,카드,False,
2024-03-09,6900,쇼핑,백화점 | 화장품 구매,카드,False,
2024-03-09,1100,교통비,지하철 교통카드,카드,False,
2024-03-09,38000,식비,장보기(마트),카드,False,
2024-03-09,59200,식비,장보기(마트),카드,False,
2024-03-10,17900,교통비,KTX/기차,카드,False,
2024-03-10,2400,교통비,지하철 교통카드,카드,False,
2024-03-11,16200,식비,점심 식사,카드,False,
2024-03-11,17900,기타,벌금,카드,False,
2024-03-12,67800,기타,미용실,카드,False,미용실(2달당 최대1회)
2024-03-12,4300,기타,수수료,카드,False,
2024-03-12,2200,식비,점심 식사,카드,False,
2024-03-12,65800,쇼핑,번개장터 | 중고 의류 구매,계좌이체,False,
2024-03-12,4300,식비,더벤티 음료,카드,False,
2024-03-13,2200,교육,자격증 응시료,카드,False,
2024-03-13,4000,식비,편의점,카드,False,
2024-03-13,2200,의료/건강,치과,카드,False,
2024-03-14,4000,문화/여가,영화 관람,카드,False,
2024-03-14,7400,식비,편의점,카드,False,
2024-03-14,1400,교통비,버스,카드,False,
2024-03-15,2400,식비,점심 식사,카드,False,
2024-03-15,4300,쇼핑,아울렛 | 잡화 구매,카드,False,
2024-03-16,97000,식비,장보기(마트),카드,False,
2024-03-17,80000,교육,도서 구매,카드,False,
2024-03-18,80000,쇼핑,오늘의집 | 생필품 구매,카드,False,
2024-03-18,80000,기타,기타 지출,카드,False,
2024-03-19,7300,교육,특강/세미나,카드,False,
2024-03-19,7300,식비,점심 식사,카드,False,
2024-03-20,4200,식비,점심 식사,카드,False,
2024-03-20,17700,쇼핑,아울렛 | 잡화 구매,카드,False,
2024-03-21,17000,구독,넷플릭스,카드,True,구독(해지/재가입 가능)
2024-03-21,10400,구독,유튜브 프리미엄,카드,True,구독(해지/재가입 가능)
2024-03-21,250000,교통비,항공권,카드,False,이벤트성 지출
2024-03-21,4600,식비,저녁 외식,카드,False,
2024-03-21,10400,식비,점심 식사,카드,False,
2024-03-21,18900,쇼핑,올리브영 | 화장품 구매,카드,False,
2024-03-22,5400,식비,컴포즈커피 음료,카드,False,
2024-03-22,5400,기타,벌금,카드,False,
2024-03-24,5400,의료/건강,병원 진료,카드,False,
2024-03-24,5100,식비,투썸플레이스 음료,카드,False,
2024-03-25,3000,교통비,지하철 교통카드,카드,False,
2024-03-25,27000,식비,장보기(마트),카드,False,
2024-03-25,5100,의료/건강,치과,카드,False,
2024-03-25,5100,기타,수수료,카드,False,
2024-03-26,6000,식비,배달 음식,카드,False,
2024-03-26,1600,교육,특강/세미나,카드,False,
2024-03-26,1600,교통비,지하철 교통카드,카드,False,
2024-03-26,4000,문화/여가,공연,카드,False,
2024-03-28,6000,쇼핑,네이버쇼핑 | 생필품 구매,카드,False,
2024-03-28,6000,교육,자격증 응시료,카드,False,
2024-03-29,4500,문화/여가,공연,카드,False,
2024-03-29,4500,식비,편의점,카드,False,
2024-03-30,11300,식비,커피베이 음료+디저트,카드,False,
2024-03-31,1679200,쇼핑,갤럭시북 구매,카드,False,이벤트성 지출 | 전자기기(laptop)
2024-04-01,3100,식비,편의점,카드,False,
2024-04-01,28300,기타,벌금,카드,False,
2024-04-02,49000,쇼핑,백화점 | 잡화 구매,카드,False,
2024-04-02,903000,기타,부모님 요양원,계좌이체,True,부모님 부양(고정)
2024-04-03,40300,쇼핑,오늘의집 | 잡화 구매,카드,False,
2024-04-03,1351600,주거/통신,대출 상환,계좌이체,True,
2024-04-03,4900,식비,점심 식사,카드,False,
2024-04-03,2400,교통비,지하철 교통카드,카드,False,
2024-04-04,10200,식비,점심 식사,카드,False,
2024-04-04,10900,식비,편의점,카드,False,
2024-04-05,55000,주거/통신,휴대폰 요금,카드,True,
2024-04-06,5700,식비,편의점,카드,False,
2024-04-07,8000,식비,점심 식사,카드,False,
2024-04-09,5500,식비,배달 음식,카드,False,
2024-04-09,5500,교육,도서 구매,카드,False,
2024-04-10,5500,교육,도서 구매,카드,False,
2024-04-11,6900,교통비,지하철 교통카드,카드,False,
2024-04-11,6300,식비,배달 음식,카드,False,
2024-04-11,12300,식비,점심 식사,카드,False,
2024-04-11,12300,기타,벌금,카드,False,
2024-04-12,6900,교육,온라인 강의,카드,False,
2024-04-13,5000,교통비,택시,카드,False,
2024-04-13,5000,의료/건강,헬스장,카드,False,
2024-04-14,5000,의료/건강,약국,카드,False,
2024-04-14,22200,쇼핑,오늘의집 | 잡화 구매,카드,False,
2024-04-15,10000,문화/여가,영화 관람,카드,False,
2024-04-15,3200,교통비,지하철 교통카드,카드,False,
2024-04-16,7100,기타,기타 지출,카드,False,
2024-04-16,182700,기타,명절 선물/용돈,계좌이체,False,
2024-04-16,7100,식비,매머드 익스프레스 음료,카드,False,
2024-04-17,9200,식비,저녁 외식,카드,False,
2024-04-17,9200,교육,온라인 강의,카드,False,
2024-04-17,10000,문화/여가,입장권/티켓,카드,False,
2024-04-18,23500,문화/여가,전시회,카드,False,
2024-04-18,48700,쇼핑,백화점 | 화장품 구매,카드,False,
2024-04-18,48700,교육,스터디 비용,카드,False,
2024-04-18,9700,식비,저녁 외식,카드,False,
2024-04-18,23500,식비,파스쿠찌 음료,카드,False,
2024-04-19,9700,교통비,지하철 교통카드,카드,False,
2024-04-21,17000,구독,넷플릭스,카드,True,구독(해지/재가입 가능)
2024-04-21,283200,식비,장보기(마트),카드,False,
2024-04-21,10400,구독,유튜브 프리미엄,카드,True,구독(해지/재가입 가능)
2024-04-21,7600,교통비,지하철 교통카드,카드,False,
2024-04-22,7600,기타,수수료,카드,False,
2024-04-23,18200,쇼핑,올리브영 | 잡화 구매,카드,False,
2024-04-23,18200,교육,온라인 강의,카드,False,
2024-04-23,50400,쇼핑,아울렛 | 의류 구매,카드,False,
2024-04-24,50400,기타,기타 지출,카드,False,
2024-04-24,50400,교육,특강/세미나,카드,False,
2024-04-26,50400,기타,경조사,카드,False,
2024-04-26,4100,교통비,지하철 교통카드,카드,False,
2024-04-28,7700,식비,개인카페 음료,카드,False,
2024-04-28,7700,기타,수수료,카드,False,
2024-04-29,77700,교육,스터디 비용,카드,False,
2024-04-29,77700,교통비,KTX/기차,카드,False,
2024-04-30,15200,식비,배달 음식,카드,False,
2024-04-30,13100,식비,커피베이 음료,카드,False,
2024-05-01,62500,교통비,KTX/기차,카드,False,
2024-05-01,62500,기타,경조사,카드,False,
2024-05-02,903000,기타,부모님 요양원,계좌이체,True,부모님 부양(고정)
2024-05-02,11700,식비,점심 식사,카드,False,
2024-05-03,7200,기타,기타 지출,카드,False,
2024-05-03,1351600,주거/통신,대출 상환,계좌이체,True,
2024-05-03,14600,식비,저녁 외식,카드,False,
2024-05-03,18500,식비,점심 식사,카드,False,
2024-05-03,7200,교통비,지하철 교통카드,카드,False,
2024-05-03,34800,식비,개인카페 음료+디저트,카드,False,
2024-05-04,3500,교통비,지하철 교통카드,카드,False,
2024-05-04,34800,기타,기부,카드,False,
2024-05-05,55000,주거/통신,휴대폰 요금,카드,True,
2024-05-06,9800,식비,점심 식사,카드,False,
2024-05-06,9800,기타,기부,카드,False,
2024-05-07,5600,식비,점심 식사,카드,False,
2024-05-07,117100,쇼핑,아울렛 | 의류 구매,카드,False,
2024-05-07,31200,의료/건강,병원 진료,카드,False,돌발 진료(급성)
2024-05-07,31200,기타,벌금,카드,False,
2024-05-07,24900,식비,개인카페 음료+디저트,카드,False,
2024-05-07,5400,교통비,지하철 교통카드,카드,False,
2024-05-08,3600,교통비,지하철 교통카드,카드,False,
2024-05-08,10100,의료/건강,약국,카드,False,병원 후속(약국) | 돌발 진료(급성)
2024-05-08,126400,식비,장보기(마트),카드,False,
2024-05-09,34200,의료/건강,병원 진료,카드,False,돌발 진료(급성)
2024-05-09,19400,의료/건강,약국,카드,False,병원 후속(약국) | 돌발 진료(급성)
2024-05-10,35300,식비,저녁 외식,카드,False,
2024-05-10,5200,교통비,지하철 교통카드,카드,False,
2024-05-10,4700,식비,편의점,카드,False,
2024-05-11,35500,식비,저녁 외식,카드,False,
2024-05-11,6800,교통비,지하철 교통카드,카드,False,
2024-05-11,27000,식비,파스쿠찌 음료,카드,False,
2024-05-11,4700,교육,온라인 강의,카드,False,
2024-05-11,4700,교육,자격증 응시료,카드,False,
2024-05-11,10000,문화/여가,전시회,카드,False,
2024-05-12,24800,쇼핑,쿠팡 | 화장품 구매,카드,False,
2024-05-12,24800,기타,기타 지출,카드,False,
2024-05-12,14600,식비,저녁 외식,카드,False,
2024-05-13,24800,문화/여가,전시회,카드,False,
2024-05-13,14500,식비,매머드 익스프레스 음료,카드,False,
2024-05-13,14500,기타,수수료,카드,False,
2024-05-14,12000,식비,편의점,카드,False,
2024-05-14,12000,문화/여가,공연,카드,False,
2024-05-14,12000,문화/여가,영화 관람,카드,False,
2024-05-15,194900,식비,장보기(마트),카드,False,
2024-05-16,6800,식비,점심 식사,카드,False,
2024-05-17,9900,기타,기부,카드,False,
2024-05-17,9900,식비,편의점,카드,False,
2024-05-17,21900,식비,점심 식사,카드,False,
2024-05-17,6800,기타,수수료,카드,False,
2024-05-18,16200,식비,점심 식사,카드,False,
2024-05-18,18200,식비,개인카페 음료,카드,False,
2024-05-18,22500,식비,점심 식사,카드,False,
2024-05-19,13800,교육,도서 구매,카드,False,
2024-05-19,13800,식비,저녁 외식,카드,False,
2024-05-19,11800,식비,편의점,카드,False,
2024-05-20,8000,식비,저녁 외식,카드,False,
2024-05-20,9500,식비,편의점,카드,False,
2024-05-20,2100,교통비,지하철 교통카드,카드,False,
2024-05-20,1900,교통비,버스,카드,False,
2024-05-21,10400,구독,유튜브 프리미엄,카드,True,구독(해지/재가입 가능)
2024-05-21,17000,구독,넷플릭스,카드,True,구독(해지/재가입 가능)
2024-05-21,4800,교육,자격증 응시료,카드,False,
2024-05-21,10100,식비,저녁 외식,카드,False,
2024-05-21,12700,식비,저녁 외식,카드,False,
2024-05-21,3000,기타,기타 지출,카드,False,
2024-05-21,4800,식비,편의점,카드,False,
2024-05-22,14400,식비,스타벅스 음료,카드,False,
2024-05-22,3700,교통비,지하철 교통카드,카드,False,
2024-05-23,2700,교통비,지하철 교통카드,카드,False,
2024-05-23,10000,문화/여가,공연,카드,False,
2024-05-23,13400,식비,저녁 외식,카드,False,
2024-05-23,13600,식비,편의점,카드,False,
2024-05-24,200000,기타,수수료,카드,False,
2024-05-24,5000,교통비,택시,카드,False,
2024-05-24,257800,식비,장보기(마트),카드,False,
2024-05-25,70000,식비,장보기(마트),카드,False,
2024-05-25,149500,기타,미용실,카드,False,미용실(2달당 최대1회)
2024-05-27,70000,문화/여가,입장권/티켓,카드,False,
2024-05-27,47600,쇼핑,백화점 | 잡화 구매,카드,False,
2024-05-28,26500,문화/여가,공연,카드,False,
2024-05-28,26500,식비,배달 음식,카드,False,
2024-05-29,26500,문화/여가,공연,카드,False,
2024-05-29,21500,식비,편의점,카드,False,
2024-05-29,6700,식비,저녁 외식,카드,False,
2024-05-29,23200,의료/건강,약국,카드,False,병원 후속(약국) | 돌발 진료(급성)
2024-05-29,45800,의료/건강,병원 진료,카드,False,돌발 진료(급성)
2024-05-31,2500,교통비,버스,카드,False,
2024-05-31,9200,식비,편의점,카드,False,
2024-06-01,98200,문화/여가,입장권/티켓,카드,False,
2024-06-01,217200,쇼핑,중고나라 | 중고 잡화 구매,계좌이체,False,
2024-06-01,98200,쇼핑,백화점 | 신발 구매,카드,False,
2024-06-02,14600,식비,메가MGC커피 음료,카드,False,
2024-06-02,903000,기타,부모님 요양원,계좌이체,True,부모님 부양(고정)
2024-06-03,1351600,주거/통신,대출 상환,계좌이체,True,
2024-06-03,3700,교통비,지하철 교통카드,카드,False,
2024-06-04,283900,쇼핑,카카오선물하기 | 선물 구매,카드,False,
2024-06-04,177600,식비,장보기(마트),카드,False,
2024-06-05,10200,식비,점심 식사,카드,False,
2024-06-05,23000,식비,저녁 외식,카드,False,
2024-06-05,3100,교통비,지하철 교통카드,카드,False,
2024-06-05,55000,주거/통신,휴대폰 요금,카드,True,
2024-06-06,5100,교통비,지하철 교통카드,카드,False,
2024-06-06,4100,교통비,지하철 교통카드,카드,False,
2024-06-06,5000,교통비,택시,카드,False,
2024-06-06,7200,식비,편의점,카드,False,
2024-06-06,19100,식비,배달 음식,카드,False,
2024-06-07,118600,쇼핑,쿠팡 | 의류 구매,카드,False,
2024-06-08,118600,교육,도서 구매,카드,False,
2024-06-09,10500,식비,배달 음식,카드,False,
2024-06-09,10500,문화/여가,영화 관람,카드,False,
2024-06-10,4300,식비,편의점,카드,False,
2024-06-10,144100,쇼핑,백화점 | 의류 구매,카드,False,
2024-06-11,3900,식비,배달 음식,카드,False,
2024-06-12,7700,식비,점심 식사,카드,False,
2024-06-12,12800,식비,배달 음식,카드,False,
2024-06-12,16500,식비,배달 음식,카드,False,
2024-06-12,27400,쇼핑,아울렛 | 잡화 구매,카드,False,
2024-06-12,6500,교통비,지하철 교통카드,카드,False,
2024-06-13,7700,교육,도서 구매,카드,False,
2024-06-14,10000,문화/여가,공연,카드,False,
2024-06-14,10000,문화/여가,공연,카드,False,
2024-06-14,6100,식비,편의점,카드,False,
2024-06-15,5000,교통비,택시,카드,False,
2024-06-15,5000,기타,기부,카드,False,
2024-06-15,11600,식비,편의점,카드,False,
2024-06-16,5000,기타,기부,카드,False,
2024-06-17,1900,교통비,지하철 교통카드,카드,False,
2024-06-17,10000,문화/여가,영화 관람,카드,False,
2024-06-18,9900,식비,점심 식사,카드,False,
2024-06-18,5500,의료/건강,약국,카드,False,병원 후속(약국) | 돌발 진료(급성)
2024-06-18,10000,교육,온라인 강의,카드,False,
2024-06-18,4000,교통비,지하철 교통카드,카드,False,
2024-06-18,14700,의료/건강,병원 진료,카드,False,돌발 진료(급성)
2024-06-18,12100,식비,더벤티 음료,카드,False,
2024-06-18,7600,식비,편의점,카드,False,
2024-06-20,185000,식비,장보기(마트),카드,False,
2024-06-20,185000,문화/여가,전시회,카드,False,
2024-06-21,7100,교통비,택시,카드,False,
2024-06-21,185000,기타,경조사,카드,False,
2024-06-21,185000,기타,기부,카드,False,
2024-06-21,17000,구독,넷플릭스,카드,True,구독(해지/재가입 가능)
2024-06-21,6400,식비,점심 식사,카드,False,
2024-06-21,10400,구독,유튜브 프리미엄,카드,True,구독(해지/재가입 가능)
2024-06-22,59000,기타,경조사,카드,False,
2024-06-22,77200,식비,장보기(마트),카드,False,
2024-06-22,59000,식비,장보기(마트),카드,False,
2024-06-23,3000,교육,특강/세미나,카드,False,
2024-06-23,1200,교통비,지하철 교통카드,카드,False,
2024-06-23,10300,교통비,지하철 교통카드,카드,False,
2024-06-24,9100,식비,저녁 외식,카드,False,
2024-06-25,6800,식비,저녁 외식,카드,False,
2024-06-25,12400,식비,저녁 외식,카드,False,
2024-06-26,24200,교통비,지하철 교통카드,카드,False,
2024-06-27,24200,문화/여가,입장권/티켓,카드,False,
2024-06-28,14600,식비,배달 음식,카드,False,
2024-06-28,12100,식비,편의점,카드,False,
2024-06-28,49200,쇼핑,오늘의집 | 잡화 구매,카드,False,
2024-06-28,5000,교통비,택시,카드,False,
2024-06-28,2300,교통비,지하철 교통카드,카드,False,
2024-06-29,14600,기타,기부,카드,False,
2024-06-30,14600,교육,도서 구매,카드,False,
2024-06-30,14600,문화/여가,전시회,카드,False,
2024-06-30,14600,문화/여가,입장권/티켓,카드,False,
2024-07-01,14600,기타,기부,카드,False,
2024-07-01,60400,의료/건강,치과,카드,False,치과 정기검진(연1회)
2024-07-01,14600,문화/여가,영화 관람,카드,False,
2024-07-01,25400,식비,점심 식사,카드,False,
2024-07-01,25400,의료/건강,약국,카드,False,
2024-07-02,4400,교통비,지하철 교통카드,카드,False,
2024-07-02,13200,식비,점심 식사,카드,False,
2024-07-02,903000,기타,부모님 요양원,계좌이체,True,부모님 부양(고정)
2024-07-03,5600,교통비,지하철 교통카드,카드,False,
2024-07-03,21200,식비,저녁 외식,카드,False,
2024-07-03,1351600,주거/통신,대출 상환,계좌이체,True,
2024-07-04,254900,식비,장보기(마트),카드,False,
2024-07-04,20000,교통비,택시,카드,False,
2024-07-04,156300,식비,장보기(마트),카드,False,
2024-07-04,156300,교육,자격증 응시료,카드,False,
2024-07-04,95200,쇼핑,중고나라 | 중고 잡화 구매,계좌이체,False,
2024-07-05,200000,교육,자격증 응시료,카드,False,
2024-07-05,200000,기타,수수료,카드,False,
2024-07-05,8800,식비,저녁 외식,카드,False,
2024-07-05,55000,주거/통신,휴대폰 요금,카드,True,
2024-07-07,6000,식비,점심 식사,카드,False,
2024-07-07,7400,식비,저녁 외식,카드,False,
2024-07-07,8800,기타,기부,카드,False,
2024-07-08,20300,식비,이디야 음료,카드,False,
2024-07-08,6800,식비,배달 음식,카드,False,
2024-07-08,6800,의료/건강,약국,카드,False,
2024-07-09,10700,식비,점심 식사,카드,False,
2024-07-10,10000,문화/여가,영화 관람,카드,False,
2024-07-10,7000,교통비,지하철 교통카드,카드,False,
2024-07-11,3100,교통비,지하철 교통카드,카드,False,
2024-07-11,10000,문화/여가,영화 관람,카드,False,
2024-07-11,10000,기타,경조사,카드,False,
2024-07-11,4800,교통비,버스,카드,False,
2024-07-12,3000,교통비,버스,카드,False,
2024-07-12,12300,식비,개인카페 음료,카드,False,
2024-07-12,12300,교육,자격증 응시료,카드,False,
2024-07-12,8400,교통비,버스,카드,False,
2024-07-12,4900,식비,배달 음식,카드,False,
2024-07-12,135600,기타,미용실,카드,False,미용실(2달당 최대1회)
2024-07-12,12300,의료/건강,병원 진료,카드,False,
2024-07-12,11500,식비,메가MGC커피 음료,카드,False,
2024-07-13,7000,교통비,지하철 교통카드,카드,False,
2024-07-13,7600,식비,저녁 외식,카드,False,
2024-07-13,149500,쇼핑,네이버쇼핑 | 신발 구매,카드,False,
2024-07-14,152400,식비,장보기(마트),카드,False,
2024-07-14,14200,교통비,지하철 교통카드,카드,False,
2024-07-14,296600,식비,장보기(마트),카드,False,
2024-07-15,51200,교육,도서 구매,카드,False,
2024-07-15,51200,의료/건강,병원 진료,카드,False,돌발 진료(급성)
2024-07-15,26900,의료/건강,약국,카드,False,병원 후속(약국) | 돌발 진료(급성)
2024-07-15,13200,식비,개인카페 음료,카드,False,
2024-07-15,2100,교통비,버스,카드,False,
2024-07-17,10000,문화/여가,영화 관람,카드,False,
2024-07-17,5100,교통비,지하철 교통카드,카드,False,
2024-07-18,4300,교통비,버스,카드,False,
2024-07-18,4300,의료/건강,약국,카드,False,
2024-07-18,4300,교육,특강/세미나,카드,False,
2024-07-19,20400,식비,배달 음식,카드,False,
2024-07-19,3500,식비,배달 음식,카드,False,
2024-07-20,21000,식비,점심 식사,카드,False,
2024-07-20,3700,식비,더벤티 음료,카드,False,
2024-07-21,10400,구독,유튜브 프리미엄,카드,True,구독(해지/재가입 가능)
2024-07-21,17000,구독,넷플릭스,카드,True,구독(해지/재가입 가능)
2024-07-22,6100,식비,저녁 외식,카드,False,
2024-07-22,5500,교통비,지하철 교통카드,카드,False,
2024-07-22,5500,쇼핑,오늘의집 | 생필품 구매,카드,False,
2024-07-23,11200,식비,편의점,카드,False,
2024-07-23,6600,교통비,버스,카드,False,
2024-07-23,10300,식비,배달 음식,카드,False,
2024-07-23,9700,식비,배달 음식,카드,False,
2024-07-24,3900,교통비,버스,카드,False,
2024-07-24,119500,쇼핑,네이버쇼핑 | 의류 구매,카드,False,
2024-07-24,119500,의료/건강,약국,카드,False,
2024-07-24,11200,기타,기타 지출,카드,False,
2024-07-25,10000,문화/여가,전시회,카드,False,
2024-07-25,10000,의료/건강,헬스장,카드,False,
2024-07-25,10000,문화/여가,공연,카드,False,
2024-07-26,7200,식비,저녁 외식,카드,False,
2024-07-27,10000,문화/여가,공연,카드,False,
2024-07-28,11800,교육,자격증 응시료,카드,False,
2024-07-28,11800,교통비,지하철 교통카드,카드,False,
2024-07-28,11800,문화/여가,영화 관람,카드,False,
2024-07-29,5100,식비,편의점,카드,False,
2024-07-30,10000,문화/여가,영화 관람,카드,False,
2024-07-30,11000,식비,점심 식사,카드,False,
2024-07-30,12000,쇼핑,백화점 | 잡화 구매,카드,False,
2024-07-31,9400,식비,편의점,카드,False,
2024-07-31,9400,의료/건강,약국,카드,False,
2024-08-01,7000,식비,배달 음식,카드,False,
2024-08-01,7000,교육,도서 구매,카드,False,
2024-08-01,3600,식비,컴포즈커피 음료,카드,False,
2024-08-01,5900,식비,점심 식사,카드,False,
2024-08-02,19700,식비,저녁 외식,카드,False,
2024-08-02,4000,식비,저녁 외식,카드,False,
2024-08-02,15000,문화/여가,영화 관람,카드,False,
2024-08-02,7000,기타,수수료,카드,False,
2024-08-02,903000,기타,부모님 요양원,계좌이체,True,부모님 부양(고정)
2024-08-02,15000,쇼핑,오늘의집 | 잡화 구매,카드,False,
2024-08-03,2800,교통비,지하철 교통카드,카드,False,
2024-08-03,4800,식비,더벤티 음료,카드,False,
2024-08-03,1351600,주거/통신,대출 상환,계좌이체,True,
2024-08-03,4200,식비,점심 식사,카드,False,
2024-08-04,37000,쇼핑,아울렛 | 의류 구매,카드,False,
2024-08-05,55000,주거/통신,휴대폰 요금,카드,True,
2024-08-05,37000,기타,기부,카드,False,
2024-08-05,2000,식비,메가MGC커피 음료,카드,False,
2024-08-05,2000,교육,자격증 응시료,카드,False,
2024-08-06,5700,식비,저녁 외식,카드,False,
2024-08-06,6200,식비,컴포즈커피 음료,카드,False,
2024-08-06,7600,식비,점심 식사,카드,False,
2024-08-06,5700,교육,온라인 강의,카드,False,
2024-08-07,6000,식비,저녁 외식,카드,False,
2024-08-07,7400,교육,자격증 응시료,카드,False,
2024-08-07,31500,교통비,KTX/기차,카드,False,
2024-08-07,7400,식비,편의점,카드,False,
2024-08-08,5600,식비,저녁 외식,카드,False,
2024-08-09,5600,교육,특강/세미나,카드,False,
2024-08-09,10100,식비,편의점,카드,False,
2024-08-09,10100,문화/여가,입장권/티켓,카드,False,
2024-08-10,1800,기타,벌금,카드,False,
2024-08-10,2500,교통비,택시,카드,False,
2024-08-10,1800,교통비,지하철 교통카드,카드,False,
2024-08-10,10100,문화/여가,전시회,카드,False,
2024-08-10,10100,문화/여가,입장권/티켓,카드,False,
2024-08-11,58300,쇼핑,아울렛 | 의류 구매,카드,False,
2024-08-12,2800,교통비,택시,카드,False,
2024-08-12,1600,교통비,지하철 교통카드,카드,False,
2024-08-12,2500,쇼핑,오늘의집 | 생필품 구매,카드,False,
2024-08-13,34600,식비,장보기(마트),카드,False,
2024-08-13,2800,의료/건강,치과,카드,False,
2024-08-13,37200,교통비,KTX/기차,카드,False,
2024-08-15,37200,문화/여가,전시회,카드,False,
2024-08-15,37200,문화/여가,영화 관람,카드,False,
2024-08-15,2900,교통비,지하철 교통카드,카드,False,
2024-08-15,2900,교육,특강/세미나,카드,False,
2024-08-16,5800,식비,편의점,카드,False,
2024-08-17,53800,쇼핑,아울렛 | 의류 구매,카드,False,
2024-08-19,77200,교육,스터디 비용,카드,False,
2024-08-19,77200,식비,장보기(마트),카드,False,
2024-08-20,5900,교통비,지하철 교통카드,카드,False,
2024-08-20,7500,식비,배달 음식,카드,False,
2024-08-21,7500,문화/여가,전시회,카드,False,
2024-08-21,3100,식비,공차 음료+디저트,카드,False,
2024-08-21,10400,구독,유튜브 프리미엄,카드,True,구독(해지/재가입 가능)
2024-08-21,17000,구독,넷플릭스,카드,True,구독(해지/재가입 가능)
2024-08-22,3100,교육,스터디 비용,카드,False,
2024-08-23,12000,교육,스터디 비용,카드,False,
2024-08-23,4400,교통비,지하철 교통카드,카드,False,
2024-08-23,3600,의료/건강,약국,카드,False,병원 후속(약국) | 돌발 진료(급성)
2024-08-23,12000,의료/건강,병원 진료,카드,False,돌발 진료(급성)
2024-08-23,12000,기타,기타 지출,카드,False,
2024-08-23,6100,식비,편의점,카드,False,
2024-08-23,6100,기타,경조사,카드,False,
2024-08-23,5400,식비,파스쿠찌 음료,카드,False,
2024-08-24,12000,교육,자격증 응시료,카드,False,
2024-08-24,5800,식비,편의점,카드,False,
2024-08-24,5800,문화/여가,입장권/티켓,카드,False,
2024-08-25,5800,의료/건강,약국,카드,False,
2024-08-25,6100,식비,컴포즈커피 음료+디저트,카드,False,
2024-08-25,2300,식비,더벤티 음료+디저트,카드,False,
2024-08-25,3500,교통비,지하철 교통카드,카드,False,
2024-08-26,3500,기타,수수료,카드,False,
2024-08-26,3500,기타,벌금,카드,False,
2024-08-27,2300,교통비,버스,카드,False,
2024-08-27,7900,의료/건강,약국,카드,False,병원 후속(약국) | 돌발 진료(급성)
2024-08-27,20100,의료/건강,병원 진료,카드,False,돌발 진료(급성)
2024-08-27,2300,교육,자격증 응시료,카드,False,
2024-08-28,7200,식비,저녁 외식,카드,False,
2024-08-29,7200,문화/여가,전시회,카드,False,
2024-08-29,8500,식비,편의점,카드,False,
2024-08-29,8500,문화/여가,입장권/티켓,카드,False,
2024-08-30,1400,교통비,지하철 교통카드,카드,False,
2024-08-30,77700,식비,장보기(마트),카드,False,
2024-09-01,7400,식비,이디야 음료,카드,False,
2024-09-01,1600,식비,메가MGC커피 음료,카드,False,
2024-09-02,1600,기타,기타 지출,카드,False,
2024-09-02,4000,식비,개인카페 음료,카드,False,
2024-09-02,903000,기타,부모님 요양원,계좌이체,True,부모님 부양(고정)
2024-09-03,1351600,주거/통신,대출 상환,계좌이체,True,
2024-09-03,4000,기타,기부,카드,False,
2024-09-04,4000,기타,수수료,카드,False,
2024-09-04,11200,식비,편의점,카드,False,
2024-09-05,55000,주거/통신,휴대폰 요금,카드,True,
2024-09-05,75000,기타,미용실,카드,False,미용실(2달당 최대1회)
2024-09-06,5700,교통비,지하철 교통카드,카드,False,
2024-09-06,5700,의료/건강,치과,카드,False,
2024-09-06,1700,교통비,지하철 교통카드,카드,False,
2024-09-07,2700,식비,배달 음식,카드,False,
2024-09-08,5200,문화/여가,공연,카드,False,
2024-09-08,37000,쇼핑,아울렛 | 신발 구매,카드,False,
2024-09-09,3900,식비,점심 식사,카드,False,
2024-09-09,10000,식비,편의점,카드,False,
2024-09-10,36400,교통비,KTX/기차,카드,False,
2024-09-10,2600,식비,메가MGC커피 음료,카드,False,
2024-09-10,9600,식비,저녁 외식,카드,False,
2024-09-10,2600,기타,기타 지출,카드,False,
2024-09-11,4900,교통비,지하철 교통카드,카드,False,
2024-09-11,61600,쇼핑,아울렛 | 신발 구매,카드,False,
2024-09-12,9600,식비,점심 식사,카드,False,
2024-09-12,5200,식비,점심 식사,카드,False,
2024-09-12,19600,식비,개인카페 음료+디저트,카드,False,
2024-09-12,112700,쇼핑,네이버쇼핑 | 선물 구매,카드,False,
2024-09-13,19600,문화/여가,공연,카드,False,
2024-09-13,5300,교통비,지하철 교통카드,카드,False,
2024-09-14,18000,식비,이디야 음료+디저트,카드,False,
2024-09-14,18000,문화/여가,전시회,카드,False,
2024-09-14,5300,문화/여가,입장권/티켓,카드,False,
2024-09-15,110600,식비,장보기(마트),카드,False,
2024-09-15,123700,식비,장보기(마트),카드,False,
2024-09-16,4200,식비,저녁 외식,카드,False,
2024-09-17,6600,식비,점심 식사,카드,False,
2024-09-18,6600,교육,특강/세미나,카드,False,
2024-09-18,14700,식비,배달 음식,카드,False,
2024-09-18,33400,쇼핑,백화점 | 신발 구매,카드,False,
2024-09-18,33400,문화/여가,영화 관람,카드,False,
2024-09-18,9500,교통비,지하철 교통카드,카드,False,
2024-09-18,24300,쇼핑,오늘의집 | 잡화 구매,카드,False,
2024-09-19,9500,기타,기부,카드,False,
2024-09-20,98700,식비,장보기(마트),카드,False,
2024-09-20,13400,문화/여가,영화 관람,카드,False,
2024-09-20,13400,문화/여가,입장권/티켓,카드,False,
2024-09-20,13400,쇼핑,아울렛 | 잡화 구매,카드,False,
2024-09-20,88200,식비,장보기(마트),카드,False,
2024-09-20,69800,식비,장보기(마트),카드,False,
2024-09-20,124100,식비,장보기(마트),카드,False,
2024-09-21,69800,기타,기부,카드,False,
2024-09-21,17000,구독,넷플릭스,카드,True,구독(해지/재가입 가능)
2024-09-22,14600,쇼핑,백화점 | 의류 구매,카드,False,
2024-09-22,14600,의료/건강,헬스장,카드,False,
2024-09-23,24400,쇼핑,카카오선물하기 | 잡화 구매,카드,False,
2024-09-23,10700,식비,점심 식사,카드,False,
2024-09-23,53800,쇼핑,백화점 | 의류 구매,카드,False,
2024-09-24,5200,의료/건강,치과,카드,False,
2024-09-24,5200,문화/여가,영화 관람,카드,False,
2024-09-24,5200,식비,배달 음식,카드,False,
2024-09-25,50100,쇼핑,백화점 | 선물 구매,카드,False,
2024-09-25,5200,교육,자격증 응시료,카드,False,
2024-09-27,2800,식비,메가MGC커피 음료,카드,False,
2024-09-27,10500,식비,편의점,카드,False,
2024-09-28,4300,식비,점심 식사,카드,False,
2024-09-28,4600,식비,저녁 외식,카드,False,
2024-09-28,719000,교통비,항공권,카드,False,이벤트성 지출
2024-09-29,1300,교통비,지하철 교통카드,카드,False,
2024-09-29,1600,기타,기타 지출,카드,False,
2024-09-30,9300,식비,점심 식사,카드,False,
2024-10-01,6000,교통비,버스,카드,False,
2024-10-02,7900,기타,기타 지출,카드,False,
2024-10-02,7900,식비,점심 식사,카드,False,
2024-10-02,903000,기타,부모님 요양원,계좌이체,True,부모님 부양(고정)
2024-10-03,1351600,주거/통신,대출 상환,계좌이체,True,
2024-10-03,62400,식비,배달 음식,카드,False,
2024-10-03,22000,식비,스타벅스 음료,카드,False,
2024-10-05,13400,식비,점심 식사,카드,False,
2024-10-05,55000,주거/통신,휴대폰 요금,카드,True,
2024-10-06,4400,교통비,지하철 교통카드,카드,False,
2024-10-06,13400,의료/건강,치과,카드,False,
2024-10-07,8300,식비,점심 식사,카드,False,
2024-10-08,16600,교육,도서 구매,카드,False,
2024-10-08,1900,교통비,지하철 교통카드,카드,False,
2024-10-08,16600,문화/여가,공연,카드,False,
2024-10-08,16600,식비,저녁 외식,카드,False,
2024-10-09,5500,식비,배달 음식,카드,False,
2024-10-10,2300,교통비,지하철 교통카드,카드,False,
2024-10-11,35400,쇼핑,오늘의집 | 잡화 구매,카드,False,
2024-10-11,113700,쇼핑,아울렛 | 의류 구매,카드,False,
2024-10-11,3000,기타,기타 지출,카드,False,
2024-10-13,17300,식비,저녁 외식,카드,False,
2024-10-14,20400,식비,저녁 외식,카드,False,
2024-10-15,20100,기타,벌금,카드,False,
2024-10-15,20400,기타,기부,카드,False,
2024-10-15,5300,식비,배달 음식,카드,False,
2024-10-15,20100,식비,더벤티 음료+디저트,카드,False,
2024-10-16,20100,문화/여가,공연,카드,False,
2024-10-17,19400,식비,투썸플레이스 음료,카드,False,
2024-10-18,19400,기타,벌금,카드,False,
2024-10-18,12500,식비,저녁 외식,카드,False,
2024-10-18,28600,식비,저녁 외식,카드,False,
2024-10-18,2600,식비,배달 음식,카드,False,
2024-10-19,9400,식비,점심 식사,카드,False,
2024-10-19,10000,문화/여가,공연,카드,False,
2024-10-19,8500,교통비,지하철 교통카드,카드,False,
2024-10-20,223900,식비,장보기(마트),카드,False,
2024-10-20,66300,쇼핑,백화점 | 의류 구매,카드,False,
2024-10-20,133500,쇼핑,아울렛 | 의류 구매,카드,False,
2024-10-21,17000,구독,넷플릭스,카드,True,구독(해지/재가입 가능)
2024-10-21,6800,교통비,지하철 교통카드,카드,False,
2024-10-22,4200,교통비,지하철 교통카드,카드,False,
2024-10-22,21400,의료/건강,헬스장,카드,False,
2024-10-22,3500,기타,기타 지출,카드,False,
2024-10-22,21400,식비,배달 음식,카드,False,
2024-10-22,3500,교통비,지하철 교통카드,카드,False,
2024-10-23,4200,교육,온라인 강의,카드,False,
2024-10-24,183200,식비,장보기(마트),카드,False,
2024-10-24,69000,식비,장보기(마트),카드,False,
2024-10-24,4400,교통비,지하철 교통카드,카드,False,
2024-10-24,38600,쇼핑,백화점 | 잡화 구매,카드,False,
2024-10-25,7600,식비,저녁 외식,카드,False,
2024-10-25,8800,식비,배달 음식,카드,False,
2024-10-25,1200,교통비,지하철 교통카드,카드,False,
2024-10-26,256300,식비,장보기(마트),카드,False,
2024-10-27,13900,식비,점심 식사,카드,False,
2024-10-28,11300,문화/여가,전시회,카드,False,
2024-10-28,13300,식비,저녁 외식,카드,False,
2024-10-28,11300,기타,기타 지출,카드,False,
2024-10-28,11300,식비,저녁 외식,카드,False,
2024-10-29,6300,교통비,택시,카드,False,
2024-10-29,1800,교통비,지하철 교통카드,카드,False,
2024-10-29,3100,교통비,지하철 교통카드,카드,False,
2024-10-29,11300,기타,수수료,카드,False,
2024-10-30,27100,의료/건강,약국,카드,False,병원 후속(약국) | 돌발 진료(급성)
2024-10-30,46300,의료/건강,병원 진료,카드,False,돌발 진료(급성)
2024-10-30,46300,문화/여가,전시회,카드,False,
2024-10-30,46300,의료/건강,약국,카드,False,
2024-10-30,46300,문화/여가,영화 관람,카드,False,
2024-10-31,18200,식비,저녁 외식,카드,False,
2024-10-31,6200,교통비,지하철 교통카드,카드,False,
2024-10-31,48400,의료/건강,헬스장,카드,False,
2024-10-31,48400,쇼핑,아울렛 | 잡화 구매,카드,False,
2024-10-31,3500,교통비,지하철 교통카드,카드,False,
2024-11-01,6100,식비,컴포즈커피 음료,카드,False,
2024-11-01,2900,교통비,지하철 교통카드,카드,False,
2024-11-01,4400,교통비,지하철 교통카드,카드,False,
2024-11-02,54700,쇼핑,아울렛 | 의류 구매,카드,False,
2024-11-02,160700,식비,장보기(마트),카드,False,
2024-11-02,903000,기타,부모님 요양원,계좌이체,True,부모님 부양(고정)
2024-11-03,1351600,주거/통신,대출 상환,계좌이체,True,
2024-11-03,70900,교통비,항공권,카드,False,
2024-11-04,94500,식비,장보기(마트),카드,False,
2024-11-04,94500,문화/여가,공연,카드,False,
2024-11-04,3000,교통비,버스,카드,False,
2024-11-04,3000,기타,경조사,카드,False,
2024-11-05,7900,문화/여가,전시회,카드,False,
2024-11-05,3000,교육,특강/세미나,카드,False,
2024-11-05,7900,식비,점심 식사,카드,False,
2024-11-05,55000,주거/통신,휴대폰 요금,카드,True,
2024-11-05,12600,식비,편의점,카드,False,
2024-11-06,5900,문화/여가,공연,카드,False,
2024-11-06,8500,식비,편의점,카드,False,
2024-11-06,8500,문화/여가,입장권/티켓,카드,False,
2024-11-06,7000,식비,점심 식사,카드,False,
2024-11-06,7000,문화/여가,영화 관람,카드,False,
2024-11-06,2100,교통비,지하철 교통카드,카드,False,
2024-11-07,5500,식비,컴포즈커피 음료,카드,False,
2024-11-07,6300,식비,저녁 외식,카드,False,
2024-11-08,11200,식비,점심 식사,카드,False,
2024-11-09,7300,식비,파스쿠찌 음료,카드,False,
2024-11-09,12300,식비,배달 음식,카드,False,
2024-11-09,1500,교통비,버스,카드,False,
2024-11-09,17000,쇼핑,네이버쇼핑 | 의류 구매,카드,False,
2024-11-09,7300,기타,기타 지출,카드,False,
2024-11-10,1800,교육,스터디 비용,카드,False,
2024-11-11,8500,식비,배달 음식,카드,False,
2024-11-12,3300,식비,점심 식사,카드,False,
2024-11-12,3300,교육,자격증 응시료,카드,False,
2024-11-13,93300,식비,장보기(마트),카드,False,
2024-11-14,8900,문화/여가,공연,카드,False,
2024-11-14,8900,식비,편의점,카드,False,
2024-11-15,53200,기타,미용실,카드,False,미용실(2달당 최대1회)
2024-11-16,6400,교통비,지하철 교통카드,카드,False,
2024-11-18,11200,식비,저녁 외식,카드,False,
2024-11-18,35200,쇼핑,번개장터 | 중고 의류 구매,계좌이체,False,
2024-11-18,4600,식비,편의점,카드,False,
2024-11-19,67400,식비,장보기(마트),카드,False,
2024-11-20,6500,교통비,버스,카드,False,
2024-11-20,6300,교통비,지하철 교통카드,카드,False,
2024-11-20,6500,교육,특강/세미나,카드,False,
2024-11-20,6300,교육,자격증 응시료,카드,False,
2024-11-20,42600,교통비,KTX/기차,카드,False,
2024-11-20,67400,기타,기타 지출,카드,False,
2024-11-20,67400,문화/여가,공연,카드,False,
2024-11-20,10900,쇼핑,아울렛 | 잡화 구매,카드,False,
2024-11-21,3500,교통비,지하철 교통카드,카드,False,
2024-11-21,3700,교육,스터디 비용,카드,False,
2024-11-21,3700,식비,매머드 익스프레스 음료,카드,False,
2024-11-22,4800,기타,기부,카드,False,
2024-11-22,3900,식비,저녁 외식,카드,False,
2024-11-22,20600,식비,점심 식사,카드,False,
2024-11-22,4800,식비,배달 음식,카드,False,
2024-11-23,168600,식비,장보기(마트),카드,False,
2024-11-23,147700,문화/여가,전시회,카드,False,
2024-11-23,118200,기타,수수료,카드,False,
2024-11-23,108500,식비,장보기(마트),카드,False,
2024-11-24,6100,식비,편의점,카드,False,
2024-11-25,38800,쇼핑,아울렛 | 의류 구매,카드,False,
2024-11-26,8900,식비,배달 음식,카드,False,
2024-11-27,79200,쇼핑,아울렛 | 신발 구매,카드,False,
2024-11-28,3400,교통비,지하철 교통카드,카드,False,
2024-11-29,4900,교통비,지하철 교통카드,카드,False,
2024-11-29,1200,교통비,지하철 교통카드,카드,False,
2024-11-29,9900,식비,점심 식사,카드,False,
2024-11-29,9900,의료/건강,헬스장,카드,False,
2024-11-30,157300,식비,장보기(마트),카드,False,
2024-11-30,5900,문화/여가,전시회,카드,False,
2024-12-01,22400,식비,편의점,카드,False,
2024-12-01,250000,문화/여가,공연,카드,False,
2024-12-01,2400,교통비,지하철 교통카드,카드,False,
2024-12-01,15300,식비,파스쿠찌 음료,카드,False,
2024-12-02,903000,기타,부모님 요양원,계좌이체,True,부모님 부양(고정)
2024-12-03,3900,교통비,지하철 교통카드,카드,False,
2024-12-03,210500,쇼핑,당근마켓 | 중고 화장품 구매,계좌이체,False,
2024-12-03,95000,식비,장보기(마트),카드,False,
2024-12-03,1351600,주거/통신,대출 상환,계좌이체,True,
2024-12-03,13400,교통비,지하철 교통카드,카드,False,
2024-12-04,3900,기타,기부,카드,False,
2024-12-04,3900,교육,특강/세미나,카드,False,
2024-12-04,3900,기타,벌금,카드,False,
2024-12-04,2800,식비,편의점,카드,False,
2024-12-04,11100,식비,편의점,카드,False,
2024-12-05,55000,주거/통신,휴대폰 요금,카드,True,
2024-12-05,11100,문화/여가,입장권/티켓,카드,False,
2024-12-06,11100,교육,스터디 비용,카드,False,
2024-12-06,4200,교통비,지하철 교통카드,카드,False,
2024-12-06,8000,교통비,지하철 교통카드,카드,False,
2024-12-06,8000,교육,자격증 응시료,카드,False,
2024-12-06,2700,교통비,지하철 교통카드,카드,False,
2024-12-07,107600,쇼핑,아울렛 | 의류 구매,카드,False,
2024-12-07,100800,쇼핑,백화점 | 의류 구매,카드,False,
2024-12-07,100800,교육,온라인 강의,카드,False,
2024-12-08,100800,의료/건강,헬스장,카드,False,
2024-12-09,77800,식비,장보기(마트),카드,False,
2024-12-10,17400,식비,저녁 외식,카드,False,
2024-12-10,17400,교육,특강/세미나,카드,False,
2024-12-11,32300,쇼핑,아울렛 | 의류 구매,카드,False,
2024-12-12,32600,의료/건강,병원 진료,카드,False,돌발 진료(급성)
2024-12-12,13800,의료/건강,약국,카드,False,병원 후속(약국) | 돌발 진료(급성)
2024-12-13,17700,식비,컴포즈커피 음료+디저트,카드,False,
2024-12-13,32600,기타,기부,카드,False,
2024-12-14,2300,교통비,버스,카드,False,
2024-12-15,31500,식비,저녁 외식,카드,False,
2024-12-16,4700,식비,메가MGC커피 음료,카드,False,
2024-12-16,24800,식비,점심 식사,카드,False,
2024-12-17,3500,교통비,지하철 교통카드,카드,False,
2024-12-17,14100,식비,배달 음식,카드,False,
2024-12-17,52000,기타,경조사,카드,False,이벤트성 지출
2024-12-19,2300,교통비,버스,카드,False,
2024-12-19,9000,식비,이디야 음료,카드,False,
2024-12-20,9000,쇼핑,오늘의집 | 생필품 구매,카드,False,
2024-12-20,143400,쇼핑,아울렛 | 의류 구매,카드,False,
2024-12-20,4000,교통비,지하철 교통카드,카드,False,
2024-12-20,172700,식비,장보기(마트),카드,False,
2024-12-20,238900,식비,장보기(마트),카드,False,
2024-12-21,17000,구독,넷플릭스,카드,True,구독(해지/재가입 가능)
2024-12-21,172700,교육,도서 구매,카드,False,
2024-12-21,172700,교육,자격증 응시료,카드,False,
2024-12-21,8400,식비,편의점,카드,False,
2024-12-21,8400,기타,기타 지출,카드,False,
2024-12-22,10000,문화/여가,공연,카드,False,
2024-12-23,159300,쇼핑,당근마켓 | 중고 잡화 구매,계좌이체,False,
2024-12-23,15000,식비,저녁 외식,카드,False,
2024-12-23,88900,기타,경조사,카드,False,이벤트성 지출
2024-12-23,3200,교통비,버스,카드,False,
2024-12-24,15200,식비,저녁 외식,카드,False,
2024-12-24,40300,식비,점심 식사,카드,False,
2024-12-24,43900,쇼핑,아울렛 | 의류 구매,카드,False,
2024-12-24,14400,식비,점심 식사,카드,False,
2024-12-25,14400,의료/건강,약국,카드,False,
2024-12-26,89800,쇼핑,아울렛 | 의류 구매,카드,False,
2024-12-26,89800,교육,온라인 강의,카드,False,
2024-12-26,22400,식비,공차 음료,카드,False,
2024-12-26,16900,교통비,택시,카드,False,
2024-12-26,16900,기타,기타 지출,카드,False,
2024-12-27,4600,교육,스터디 비용,카드,False,
2024-12-27,4600,의료/건강,헬스장,카드,False,
2024-12-27,4600,교통비,버스,카드,False,
2024-12-28,18900,의료/건강,치과,카드,False,
2024-12-28,18900,식비,점심 식사,카드,False,
2024-12-30,5600,교통비,지하철 교통카드,카드,False,
2024-12-31,9500,식비,점심 식사,카드,False,
2024-12-31,6000,식비,저녁 외식,카드,False,
2024-12-31,9200,교통비,지하철 교통카드,카드,False,
2025-01-01,7700,문화/여가,입장권/티켓,카드,False,
2025-01-01,2300,기타,기부,카드,False,
2025-01-01,8600,의료/건강,약국,카드,False,병원 후속(약국) | 돌발 진료(급성)
2025-01-01,20300,의료/건강,병원 진료,카드,False,돌발 진료(급성)
2025-01-01,1500,교통비,지하철 교통카드,카드,False,
2025-01-02,7700,교육,자격증 응시료,카드,False,
2025-01-02,903000,기타,부모님 요양원,계좌이체,True,부모님 부양(고정)
2025-01-03,18300,식비,배달 음식,카드,False,
2025-01-03,1351600,주거/통신,대출 상환,계좌이체,True,
2025-01-04,7200,교통비,지하철 교통카드,카드,False,
2025-01-04,187000,식비,장보기(마트),카드,False,
2025-01-05,55000,주거/통신,휴대폰 요금,카드,True,
2025-01-06,8700,기타,기타 지출,카드,False,
2025-01-06,8700,식비,배달 음식,카드,False,
2025-01-07,11100,식비,편의점,카드,False,
2025-01-08,11100,문화/여가,공연,카드,False,
2025-01-08,11100,문화/여가,영화 관람,카드,False,
2025-01-09,11100,교육,도서 구매,카드,False,
2025-01-10,5300,식비,투썸플레이스 음료,카드,False,
2025-01-10,5600,교육,스터디 비용,카드,False,
2025-01-10,5600,식비,컴포즈커피 음료,카드,False,
2025-01-10,11100,의료/건강,약국,카드,False,
2025-01-10,4900,식비,저녁 외식,카드,False,
2025-01-11,7700,문화/여가,전시회,카드,False,
2025-01-11,7700,문화/여가,영화 관람,카드,False,
2025-01-12,186000,식비,장보기(마트),카드,False,
2025-01-12,1800,교통비,지하철 교통카드,카드,False,
2025-01-12,2300,교육,도서 구매,카드,False,
2025-01-12,159200,식비,장보기(마트),카드,False,
2025-01-13,154700,기타,수수료,카드,False,
2025-01-13,138900,쇼핑,당근마켓 | 중고 잡화 구매,계좌이체,False,
2025-01-13,195900,식비,장보기(마트),카드,False,
2025-01-14,24900,의료/건강,병원 진료,카드,False,돌발 진료(급성)
2025-01-14,3400,교통비,지하철 교통카드,카드,False,
2025-01-14,24900,기타,벌금,카드,False,
2025-01-15,24900,교육,온라인 강의,카드,False,
2025-01-15,23400,식비,저녁 외식,카드,False,
2025-01-15,12000,의료/건강,약국,카드,False,병원 후속(약국) | 돌발 진료(급성)
2025-01-16,67200,의료/건강,치과,카드,False,치과 정기검진(연1회)
2025-01-16,13400,식비,편의점,카드,False,
2025-01-16,8400,교통비,지하철 교통카드,카드,False,
2025-01-16,10200,식비,배달 음식,카드,False,
2025-01-16,2900,의료/건강,약국,카드,False,병원 후속(약국) | 돌발 진료(급성)
2025-01-16,11100,의료/건강,병원 진료,카드,False,돌발 진료(급성)
2025-01-17,9000,식비,편의점,카드,False,
2025-01-18,21400,식비,개인카페 음료,카드,False,
2025-01-18,29700,쇼핑,백화점 | 잡화 구매,카드,False,
2025-01-19,3200,교통비,지하철 교통카드,카드,False,
2025-01-19,15200,쇼핑,네이버쇼핑 | 잡화 구매,카드,False,
2025-01-19,9400,식비,커피베이 음료+디저트,카드,False,
2025-01-19,7300,교통비,지하철 교통카드,카드,False,
2025-01-20,9500,식비,커피베이 음료,카드,False,
2025-01-20,4000,교통비,지하철 교통카드,카드,False,
2025-01-20,7100,의료/건강,치과,카드,False,
2025-01-20,7100,식비,점심 식사,카드,False,
2025-01-22,34400,식비,스타벅스 음료+디저트,카드,False,
2025-01-22,9500,기타,기부,카드,False,
2025-01-22,128600,기타,미용실,카드,False,미용실(2달당 최대1회)
2025-01-23,34400,문화/여가,입장권/티켓,카드,False,
2025-01-26,143900,식비,장보기(마트),카드,False,
2025-01-27,25000,식비,점심 식사,카드,False,
2025-01-27,16200,식비,배달 음식,카드,False,
2025-01-28,14700,식비,개인카페 음료,카드,False,
2025-01-28,6700,식비,저녁 외식,카드,False,
2025-01-28,2900,식비,저녁 외식,카드,False,
2025-01-29,41100,교통비,KTX/기차,카드,False,
2025-01-29,11100,식비,파스쿠찌 음료,카드,False,
2025-01-30,214800,쇼핑,카카오선물하기 | 선물 구매,카드,False,
2025-01-31,2100,교통비,버스,카드,False,
2025-02-01,2700,의료/건강,약국,카드,False,
2025-02-01,10000,문화/여가,공연,카드,False,
2025-02-01,123600,식비,장보기(마트),카드,False,
2025-02-02,903000,기타,부모님 요양원,계좌이체,True,부모님 부양(고정)
2025-02-03,123600,교육,스터디 비용,카드,False,
2025-02-03,123600,기타,경조사,카드,False,
2025-02-03,1351600,주거/통신,대출 상환,계좌이체,True,
2025-02-04,2700,교통비,지하철 교통카드,카드,False,
2025-02-05,55000,주거/통신,휴대폰 요금,카드,True,
2025-02-05,2500,교통비,버스,카드,False,
2025-02-06,18500,식비,커피베이 음료,카드,False,
2025-02-07,181400,식비,장보기(마트),카드,False,
2025-02-07,3100,교통비,버스,카드,False,
2025-02-09,35600,쇼핑,백화점 | 잡화 구매,카드,False,
2025-02-09,35600,의료/건강,헬스장,카드,False,
2025-02-09,35600,문화/여가,전시회,카드,False,
2025-02-10,98100,쇼핑,네이버쇼핑 | 신발 구매,카드,False,
2025-02-13,98100,기타,기부,카드,False,
2025-02-13,17600,의료/건강,병원 진료,카드,False,돌발 진료(급성)
2025-02-13,3700,의료/건강,약국,카드,False,병원 후속(약국) | 돌발 진료(급성)
2025-02-13,9500,식비,매머드 익스프레스 음료+디저트,카드,False,
2025-02-14,17600,문화/여가,공연,카드,False,
2025-02-14,106900,식비,장보기(마트),카드,False,
2025-02-14,29600,쇼핑,백화점 | 의류 구매,카드,False,
2025-02-15,5900,교통비,택시,카드,False,
2025-02-16,6700,교통비,지하철 교통카드,카드,False,
2025-02-17,9000,식비,저녁 외식,카드,False,
2025-02-17,5700,식비,편의점,카드,False,
2025-02-17,64900,교통비,KTX/기차,카드,False,
2025-02-17,64900,문화/여가,전시회,카드,False,
2025-02-17,6000,기타,기타 지출,카드,False,
2025-02-17,7000,교통비,지하철 교통카드,카드,False,
2025-02-17,23700,식비,배달 음식,카드,False,
2025-02-17,6000,식비,개인카페 음료,카드,False,
2025-02-18,84600,쇼핑,아울렛 | 의류 구매,카드,False,
2025-02-18,23700,기타,기타 지출,카드,False,
2025-02-19,4400,교통비,지하철 교통카드,카드,False,
2025-02-20,31600,식비,배달 음식,카드,False,
2025-02-21,5900,교통비,지하철 교통카드,카드,False,
2025-02-22,1200,교통비,지하철 교통카드,카드,False,
2025-02-22,10000,문화/여가,입장권/티켓,카드,False,
2025-02-22,3000,교육,도서 구매,카드,False,
2025-02-23,10000,쇼핑,백화점 | 생필품 구매,카드,False,
2025-02-24,7800,교통비,지하철 교통카드,카드,False,
2025-02-25,10700,식비,컴포즈커피 음료+디저트,카드,False,
2025-02-25,20100,식비,이디야 음료,카드,False,
2025-02-26,1300,교통비,지하철 교통카드,카드,False,
2025-02-26,3000,교육,스터디 비용,카드,False,
2025-02-26,10000,문화/여가,전시회,카드,False,
2025-02-27,69100,교통비,KTX/기차,카드,False,
2025-02-27,3900,교통비,지하철 교통카드,카드,False,
2025-02-27,10000,문화/여가,입장권/티켓,카드,False,
2025-03-01,19000,식비,점심 식사,카드,False,
2025-03-02,43600,쇼핑,백화점 | 의류 구매,카드,False,
2025-03-02,903000,기타,부모님 요양원,계좌이체,True,부모님 부양(고정)
2025-03-02,139800,식비,장보기(마트),카드,False,
2025-03-03,1351600,주거/통신,대출 상환,계좌이체,True,
2025-03-03,9300,식비,점심 식사,카드,False,
2025-03-04,11100,의료/건강,병원 진료,카드,False,돌발 진료(급성)
2025-03-04,3300,의료/건강,약국,카드,False,병원 후속(약국) | 돌발 진료(급성)
2025-03-04,9300,교육,스터디 비용,카드,False,
2025-03-04,10000,문화/여가,영화 관람,카드,False,
2025-03-05,6200,식비,편의점,카드,False,
2025-03-05,2600,교통비,지하철 교통카드,카드,False,
2025-03-05,55000,주거/통신,휴대폰 요금,카드,True,
2025-03-06,5500,교통비,지하철 교통카드,카드,False,
2025-03-06,3000,기타,경조사,카드,False,
2025-03-06,3000,교통비,버스,카드,False,
2025-03-06,3000,기타,기타 지출,카드,False,
2025-03-06,3900,교통비,버스,카드,False,
2025-03-07,3600,교통비,지하철 교통카드,카드,False,
2025-03-08,155300,기타,미용실,카드,False,미용실(2달당 최대1회)
2025-03-08,47100,식비,점심 식사,카드,False,
2025-03-09,47100,문화/여가,입장권/티켓,카드,False,
2025-03-09,12200,교통비,지하철 교통카드,카드,False,
2025-03-09,4300,식비,개인카페 음료,카드,False,
2025-03-09,10000,문화/여가,입장권/티켓,카드,False,
2025-03-10,9200,교통비,버스,카드,False,
2025-03-10,10600,식비,점심 식사,카드,False,
2025-03-11,16100,식비,저녁 외식,카드,False,
2025-03-11,3600,교통비,지하철 교통카드,카드,False,
2025-03-11,9300,교통비,택시,카드,False,
2025-03-11,6400,교통비,지하철 교통카드,카드,False,
2025-03-11,7600,식비,저녁 외식,카드,False,
2025-03-12,162500,식비,장보기(마트),카드,False,
2025-03-12,159100,식비,장보기(마트),카드,False,
2025-03-12,121800,식비,장보기(마트),카드,False,
2025-03-13,74400,쇼핑,아울렛 | 의류 구매,카드,False,
2025-03-14,11100,기타,경조사,카드,False,
2025-03-14,11100,식비,저녁 외식,카드,False,
2025-03-15,15100,의료/건강,병원 진료,카드,False,돌발 진료(급성)
2025-03-15,7300,의료/건강,약국,카드,False,병원 후속(약국) | 돌발 진료(급성)
2025-03-15,11100,문화/여가,입장권/티켓,카드,False,
2025-03-16,15100,문화/여가,영화 관람,카드,False,
2025-03-17,15100,의료/건강,치과,카드,False,
2025-03-17,11500,식비,더벤티 음료,카드,False,
2025-03-18,16900,식비,편의점,카드,False,
2025-03-18,16900,기타,벌금,카드,False,
2025-03-19,9900,교육,자격증 응시료,카드,False,
2025-03-19,9900,교통비,버스,카드,False,
2025-03-20,9900,교육,도서 구매,카드,False,
2025-03-21,32400,의료/건강,약국,카드,False,병원 후속(약국) | 돌발 진료(급성)
2025-03-21,52000,의료/건강,병원 진료,카드,False,돌발 진료(급성)
2025-03-21,70900,식비,장보기(마트),카드,False,
2025-03-22,34900,식비,편의점,카드,False,
2025-03-22,12200,식비,저녁 외식,카드,False,
2025-03-22,12200,교육,스터디 비용,카드,False,
2025-03-22,5000,교통비,버스,카드,False,
2025-03-23,4600,교통비,버스,카드,False,
2025-03-24,97400,쇼핑,아울렛 | 신발 구매,카드,False,
2025-03-24,97400,기타,기타 지출,카드,False,
2025-03-25,6700,식비,저녁 외식,카드,False,
2025-03-25,13000,식비,배달 음식,카드,False,
2025-03-25,6700,기타,수수료,카드,False,
2025-03-26,91200,기타,경조사,카드,False,이벤트성 지출
2025-03-26,7800,식비,배달 음식,카드,False,
2025-03-26,10500,식비,배달 음식,카드,False,
2025-03-27,17000,문화/여가,전시회,카드,False,
2025-03-27,17000,식비,저녁 외식,카드,False,
2025-03-27,17000,기타,수수료,카드,False,
2025-03-28,17000,기타,수수료,카드,False,
2025-03-28,24400,식비,개인카페 음료,카드,False,
2025-03-29,6700,교통비,지하철 교통카드,카드,False,
2025-03-30,10000,문화/여가,공연,카드,False,
2025-03-31,5700,교통비,버스,카드,False,
2025-04-01,19100,식비,편의점,카드,False,
2025-04-01,2600,교통비,버스,카드,False,
2025-04-02,10100,식비,배달 음식,카드,False,
2025-04-02,903000,기타,부모님 요양원,계좌이체,True,부모님 부양(고정)
2025-04-02,5000,교통비,지하철 교통카드,카드,False,
2025-04-02,8000,식비,저녁 외식,카드,False,
2025-04-02,4400,식비,저녁 외식,카드,False,
2025-04-02,4000,교통비,지하철 교통카드,카드,False,
2025-04-02,4400,교육,자격증 응시료,카드,False,
2025-04-03,19100,식비,파스쿠찌 음료,카드,False,
2025-04-03,1351600,주거/통신,대출 상환,계좌이체,True,
2025-04-03,4400,기타,기부,카드,False,
2025-04-04,18100,식비,이디야 음료+디저트,카드,False,
2025-04-05,55000,주거/통신,휴대폰 요금,카드,True,
2025-04-05,9200,식비,점심 식사,카드,False,
2025-04-05,47300,교통비,KTX/기차,카드,False,
2025-04-06,6700,식비,배달 음식,카드,False,
2025-04-07,6700,기타,경조사,카드,False,
2025-04-08,155700,식비,장보기(마트),카드,False,
2025-04-08,127400,식비,장보기(마트),카드,False,
2025-04-08,127400,문화/여가,영화 관람,카드,False,
2025-04-09,7400,교통비,택시,카드,False,
2025-04-09,8700,식비,이디야 음료,카드,False,
2025-04-09,13800,교육,도서 구매,카드,False,
2025-04-09,13800,쇼핑,아울렛 | 잡화 구매,카드,False,
2025-04-10,3600,교통비,버스,카드,False,
2025-04-11,7700,식비,컴포즈커피 음료,카드,False,
2025-04-11,36400,교통비,KTX/기차,카드,False,
2025-04-11,7700,기타,경조사,카드,False,
2025-04-13,7700,쇼핑,오늘의집 | 생필품 구매,카드,False,
2025-04-14,5500,식비,배달 음식,카드,False,
2025-04-14,106900,쇼핑,번개장터 | 중고 잡화 구매,계좌이체,False,
2025-04-14,5100,식비,편의점,카드,False,
2025-04-14,2600,교통비,지하철 교통카드,카드,False,
2025-04-14,3000,식비,편의점,카드,False,
2025-04-15,48200,식비,장보기(마트),카드,False,
2025-04-15,145500,식비,장보기(마트),카드,False,
2025-04-15,155000,식비,장보기(마트),카드,False,
2025-04-17,155000,교육,자격증 응시료,카드,False,
2025-04-19,155000,의료/건강,병원 진료,카드,False,
2025-04-19,239300,식비,장보기(마트),카드,False,
2025-04-19,239300,의료/건강,치과,카드,False,
2025-04-20,31900,식비,투썸플레이스 음료+디저트,카드,False,
2025-04-22,11300,식비,점심 식사,카드,False,
2025-04-23,113700,식비,장보기(마트),카드,False,
2025-04-23,237000,식비,장보기(마트),카드,False,
2025-04-25,4200,교통비,지하철 교통카드,카드,False,
2025-04-26,8100,문화/여가,공연,카드,False,
2025-04-27,8100,문화/여가,공연,카드,False,
2025-04-28,2800,교통비,지하철 교통카드,카드,False,
2025-04-29,3900,교통비,버스,카드,False,
2025-04-30,3900,교육,도서 구매,카드,False,
2025-05-01,5500,식비,저녁 외식,카드,False,
2025-05-02,903000,기타,부모님 요양원,계좌이체,True,부모님 부양(고정)
2025-05-02,9100,교통비,지하철 교통카드,카드,False,
2025-05-02,134500,쇼핑,아울렛 | 의류 구매,카드,False,
2025-05-03,1351600,주거/통신,대출 상환,계좌이체,True,
2025-05-03,178300,식비,장보기(마트),카드,False,
2025-05-03,218700,식비,장보기(마트),카드,False,
2025-05-03,121800,기타,기부,카드,False,
2025-05-03,121800,문화/여가,온라인몰 | 밀키트(취미),카드,False,취미(요리|deep)
2025-05-03,10000,문화/여가,영화 관람,카드,False,
2025-05-03,10000,쇼핑,쿠팡 | 생필품 구매,카드,False,
2025-05-03,10000,문화/여가,전시회,카드,False,
2025-05-04,205300,식비,장보기(마트),카드,False,
2025-05-04,73000,식비,장보기(마트),카드,False,
2025-05-05,287700,쇼핑,카카오선물하기 | 선물 구매,카드,False,
2025-05-05,55000,주거/통신,휴대폰 요금,카드,True,
2025-05-06,124000,식비,장보기(마트),카드,False,
2025-05-06,200000,쇼핑,쿠팡 | 생필품 구매,카드,False,
2025-05-07,31300,쇼핑,쿠팡 | 잡화 구매,카드,False,
2025-05-08,39000,문화/여가,공연,카드,False,
2025-05-08,39000,문화/여가,온라인몰 | 밀키트(취미),카드,False,취미(요리|deep)
2025-05-08,7900,식비,저녁 외식,카드,False,
2025-05-10,14600,문화/여가,영화 관람,카드,False,
2025-05-10,14600,식비,편의점,카드,False,
2025-05-11,10000,의료/건강,약국,카드,False,
2025-05-11,10000,문화/여가,영화 관람,카드,False,
2025-05-11,5000,교통비,택시,카드,False,
2025-05-11,7300,식비,점심 식사,카드,False,
2025-05-11,70000,식비,저녁 외식,카드,False,
2025-05-12,5200,식비,배달 음식,카드,False,
2025-05-12,7300,교육,특강/세미나,카드,False,
2025-05-13,6800,식비,편의점,카드,False,
2025-05-14,8200,식비,배달 음식,카드,False,
2025-05-14,23300,식비,스타벅스 음료+디저트,카드,False,
2025-05-14,6800,식비,배달 음식,카드,False,
2025-05-15,147900,기타,미용실,카드,False,미용실(2달당 최대1회)
2025-05-15,42100,의료/건강,헬스장,카드,False,
2025-05-15,4900,교통비,버스,카드,False,
2025-05-15,42100,식비,개인카페 음료+디저트,카드,False,
2025-05-16,10500,문화/여가,전시회,카드,False,
2025-05-16,235200,식비,장보기(마트),카드,False,
2025-05-16,114500,교육,특강/세미나,카드,False,
2025-05-16,200000,기타,벌금,카드,False,
2025-05-16,10500,교통비,버스,카드,False,
2025-05-16,5000,쇼핑,네이버쇼핑 | 생필품 구매,카드,False,
2025-05-16,114500,식비,장보기(마트),카드,False,
2025-05-17,40800,쇼핑,네이버쇼핑 | 화장품 구매,카드,False,
2025-05-19,23100,의료/건강,약국,카드,False,병원 후속(약국) | 돌발 진료(급성)
2025-05-19,40900,의료/건강,병원 진료,카드,False,돌발 진료(급성)
2025-05-19,12600,식비,배달 음식,카드,False,
2025-05-20,11600,식비,편의점,카드,False,
2025-05-21,120000,교통비,항공권,카드,False,
2025-05-23,11800,문화/여가,전시회,카드,False,
2025-05-23,10300,식비,배달 음식,카드,False,
2025-05-23,206500,쇼핑,번개장터 | 중고 잡화 구매,계좌이체,False,
2025-05-23,14700,식비,이디야 음료+디저트,카드,False,
2025-05-23,11800,식비,편의점,카드,False,
2025-05-24,41000,쇼핑,쿠팡 | 화장품 구매,카드,False,
2025-05-24,4300,교통비,지하철 교통카드,카드,False,
2025-05-25,7100,의료/건강,병원 진료,카드,False,
2025-05-25,7100,교통비,지하철 교통카드,카드,False,
2025-05-26,12000,식비,편의점,카드,False,
2025-05-26,5700,교통비,버스,카드,False,
2025-05-26,7100,교육,온라인 강의,카드,False,
2025-05-27,14000,식비,저녁 외식,카드,False,
2025-05-27,262400,의료/건강,약국,카드,False,
2025-05-27,262400,쇼핑,백화점 | 선물 구매,카드,False,
2025-05-27,12000,기타,경조사,카드,False,
2025-05-27,5300,교통비,버스,카드,False,
2025-05-28,6200,식비,공차 음료,카드,False,
2025-05-28,6200,교육,도서 구매,카드,False,
2025-05-28,4900,식비,점심 식사,카드,False,
2025-05-29,4900,의료/건강,병원 진료,카드,False,
2025-05-29,4900,의료/건강,약국,카드,False,
2025-05-29,4900,기타,벌금,카드,False,
2025-05-30,26400,쇼핑,백화점 | 잡화 구매,카드,False,
2025-05-30,6600,교통비,택시,카드,False,
2025-05-31,29500,쇼핑,카카오선물하기 | 선물 구매,카드,False,
2025-05-31,10200,식비,점심 식사,카드,False,
2025-05-31,188400,문화/여가,매장 | 식재료(특수),카드,False,취미(요리|deep)
2025-05-31,11000,교통비,버스,카드,False,
2025-06-01,102200,쇼핑,아울렛 | 의류 구매,카드,False,
2025-06-02,2700,교통비,지하철 교통카드,카드,False,
2025-06-02,903000,기타,부모님 요양원,계좌이체,True,부모님 부양(고정)
2025-06-03,1351600,주거/통신,대출 상환,계좌이체,True,
2025-06-03,4900,교통비,버스,카드,False,
2025-06-03,183700,문화/여가,온라인몰 | 요리 도구,카드,False,취미(요리|deep)
2025-06-03,4900,식비,점심 식사,카드,False,
2025-06-04,10100,식비,저녁 외식,카드,False,
2025-06-04,10500,식비,편의점,카드,False,
2025-06-05,55000,주거/통신,휴대폰 요금,카드,True,
2025-06-05,8700,의료/건강,병원 진료,카드,False,돌발 진료(급성)
2025-06-06,12500,교육,온라인 강의,카드,False,
2025-06-06,7400,식비,더벤티 음료,카드,False,
2025-06-06,12500,교통비,지하철 교통카드,카드,False,
2025-06-06,3500,교통비,지하철 교통카드,카드,False,
2025-06-06,9700,문화/여가,영화 관람,카드,False,
2025-06-07,132400,쇼핑,아울렛 | 의류 구매,카드,False,
2025-06-09,132400,교육,특강/세미나,카드,False,
2025-06-09,18300,식비,점심 식사,카드,False,
2025-06-10,30600,문화/여가,매장 | 밀키트(취미),카드,False,취미(요리|deep)
2025-06-10,110700,쇼핑,아울렛 | 신발 구매,카드,False,
2025-06-12,27000,식비,개인카페 음료,카드,False,
2025-06-13,37200,교육,특강/세미나,카드,False,
2025-06-13,27000,교육,스터디 비용,카드,False,
2025-06-13,22700,의료/건강,약국,카드,False,병원 후속(약국) | 돌발 진료(급성)
2025-06-13,37200,의료/건강,병원 진료,카드,False,돌발 진료(급성)
2025-06-14,10800,식비,점심 식사,카드,False,
2025-06-14,37200,의료/건강,병원 진료,카드,False,
2025-06-14,37200,교육,도서 구매,카드,False,
2025-06-15,28500,식비,개인카페 음료,카드,False,
2025-06-15,52100,쇼핑,카카오선물하기 | 신발 구매,카드,False,
2025-06-16,75500,문화/여가,매장 | 식재료(특수),카드,False,취미(요리|deep)
2025-06-16,75500,교육,스터디 비용,카드,False,
2025-06-16,94100,문화/여가,온라인몰 | 요리 도구,카드,False,취미(요리|deep)
2025-06-18,75500,문화/여가,입장권/티켓,카드,False,
2025-06-18,75500,교육,특강/세미나,카드,False,
2025-06-18,75500,문화/여가,전시회,카드,False,
2025-06-18,35400,문화/여가,매장 | 식재료(특수),카드,False,취미(요리|deep)
2025-06-19,113000,쇼핑,백화점 | 선물 구매,카드,False,
2025-06-19,113000,문화/여가,영화 관람,카드,False,
2025-06-19,1900,교통비,버스,카드,False,
2025-06-19,4100,교통비,지하철 교통카드,카드,False,
2025-06-20,24300,식비,점심 식사,카드,False,
2025-06-20,5000,식비,매머드 익스프레스 음료,카드,False,
2025-06-20,5000,의료/건강,약국,카드,False,
2025-06-21,5000,의료/건강,치과,카드,False,
2025-06-23,14100,식비,배달 음식,카드,False,
2025-06-23,10000,식비,편의점,카드,False,
2025-06-23,7400,식비,점심 식사,카드,False,
2025-06-23,370500,쇼핑,갤럭시 워치 구매,카드,False,이벤트성 지출 | 전자기기(watch)
2025-06-24,10000,교육,특강/세미나,카드,False,
2025-06-25,32300,쇼핑,백화점 | 잡화 구매,카드,False,
2025-06-25,11600,식비,저녁 외식,카드,False,
2025-06-26,23100,식비,투썸플레이스 음료,카드,False,
2025-06-26,15200,식비,점심 식사,카드,False,
2025-06-27,127400,식비,장보기(마트),카드,False,
2025-06-27,255000,식비,장보기(마트),카드,False,
2025-06-27,194100,교육,온라인 강의,카드,False,
2025-06-28,194100,문화/여가,전시회,카드,False,
2025-06-28,30900,식비,개인카페 음료+디저트,카드,False,
2025-06-29,194700,식비,장보기(마트),카드,False,
2025-06-29,118200,기타,벌금,카드,False,
2025-06-29,184700,식비,장보기(마트),카드,False,
2025-06-29,118200,식비,장보기(마트),카드,False,
2025-06-30,194700,문화/여가,공연,카드,False,
2025-06-30,247600,식비,장보기(마트),카드,False,
2025-06-30,9000,교통비,지하철 교통카드,카드,False,
2025-06-30,256500,식비,장보기(마트),카드,False,
2025-07-01,6300,교통비,지하철 교통카드,카드,False,
2025-07-02,68200,문화/여가,매장 | 조미료/소스,카드,False,취미(요리|deep)
2025-07-02,13700,식비,편의점,카드,False,
2025-07-02,14200,식비,점심 식사,카드,False,
2025-07-02,10500,식비,편의점,카드,False,
2025-07-02,903000,기타,부모님 요양원,계좌이체,True,부모님 부양(고정)
2025-07-03,15400,문화/여가,온라인몰 | 식재료(특수),카드,False,취미(요리|deep)
2025-07-03,11500,식비,편의점,카드,False,
2025-07-03,74100,쇼핑,네이버쇼핑 | 선물 구매,카드,False,
2025-07-03,1351600,주거/통신,대출 상환,계좌이체,True,
2025-07-04,5300,식비,배달 음식,카드,False,
2025-07-04,18100,식비,편의점,카드,False,
2025-07-04,74100,의료/건강,치과,카드,False,
2025-07-05,55000,주거/통신,휴대폰 요금,카드,True,
2025-07-05,130700,기타,미용실,카드,False,미용실(2달당 최대1회)
2025-07-05,123400,문화/여가,온라인몰 | 조미료/소스,카드,False,취미(요리|deep)
2025-07-05,6500,교통비,택시,카드,False,
2025-07-05,45200,식비,저녁 외식,카드,False,
2025-07-07,17200,식비,파스쿠찌 음료,카드,False,
2025-07-08,18600,식비,배달 음식,카드,False,
2025-07-08,10200,식비,배달 음식,카드,False,
2025-07-08,17200,교육,특강/세미나,카드,False,
2025-07-09,120000,교통비,항공권,카드,False,
2025-07-09,5400,교통비,지하철 교통카드,카드,False,
2025-07-09,7100,식비,이디야 음료,카드,False,
2025-07-09,110500,문화/여가,온라인몰 | 요리 도구,카드,False,취미(요리|deep)
2025-07-10,110500,문화/여가,입장권/티켓,카드,False,
2025-07-11,5900,식비,저녁 외식,카드,False,
2025-07-12,5900,기타,경조사,카드,False,
2025-07-14,67100,쇼핑,당근마켓 | 중고 잡화 구매,계좌이체,False,
2025-07-14,7600,식비,더벤티 음료+디저트,카드,False,
2025-07-15,14900,식비,배달 음식,카드,False,
2025-07-15,10000,문화/여가,영화 관람,카드,False,
2025-07-15,7100,식비,배달 음식,카드,False,
2025-07-16,7100,기타,기타 지출,카드,False,
2025-07-16,7100,기타,벌금,카드,False,
2025-07-16,19700,식비,스타벅스 음료,카드,False,
2025-07-17,30900,식비,스타벅스 음료,카드,False,
2025-07-17,19700,교육,온라인 강의,카드,False,
2025-07-18,16100,식비,배달 음식,카드,False,
2025-07-19,94700,식비,장보기(마트),카드,False,
2025-07-19,42700,교통비,KTX/기차,카드,False,
2025-07-21,94700,의료/건강,약국,카드,False,
2025-07-22,8300,식비,저녁 외식,카드,False,
2025-07-22,21100,식비,편의점,카드,False,
2025-07-22,40100,문화/여가,온라인몰 | 밀키트(취미),카드,False,취미(요리|deep)
2025-07-22,2400,교통비,버스,카드,False,
2025-07-22,10900,식비,저녁 외식,카드,False,
2025-07-23,5600,식비,저녁 외식,카드,False,
2025-07-23,7500,식비,저녁 외식,카드,False,
2025-07-23,16300,교통비,버스,카드,False,
2025-07-24,294800,식비,장보기(마트),카드,False,
2025-07-24,3400,교통비,지하철 교통카드,카드,False,
2025-07-25,2800,교통비,지하철 교통카드,카드,False,
2025-07-25,7200,의료/건강,약국,카드,False,병원 후속(약국) | 돌발 진료(급성)
2025-07-25,13800,식비,점심 식사,카드,False,
2025-07-25,25100,의료/건강,병원 진료,카드,False,돌발 진료(급성)
2025-07-25,28200,식비,개인카페 음료+디저트,카드,False,
2025-07-26,15500,교통비,지하철 교통카드,카드,False,
2025-07-27,42900,식비,파스쿠찌 음료+디저트,카드,False,
2025-07-27,2500,교통비,버스,카드,False,
2025-07-27,8100,식비,점심 식사,카드,False,
2025-07-28,10300,교통비,지하철 교통카드,카드,False,
2025-07-28,12800,식비,저녁 외식,카드,False,
2025-07-28,12800,기타,기부,카드,False,
2025-07-28,12800,의료/건강,치과,카드,False,
2025-07-28,12800,교육,도서 구매,카드,False,
2025-07-29,12000,문화/여가,덕질(굿즈 구매) | 아이돌D,카드,False,덕질(소액 반복)
2025-07-30,150700,문화/여가,온라인몰 | 밀키트(취미),카드,False,취미(요리|deep)
2025-07-30,7800,식비,매머드 익스프레스 음료,카드,False,
2025-07-31,175500,문화/여가,매장 | 밀키트(취미),카드,False,취미(요리|deep)
2025-07-31,175500,기타,벌금,카드,False,
2025-07-31,150700,교육,특강/세미나,카드,False,
2025-08-01,4700,식비,점심 식사,카드,False,
2025-08-01,10000,문화/여가,전시회,카드,False,
2025-08-01,8300,식비,배달 음식,카드,False,
2025-08-02,903000,기타,부모님 요양원,계좌이체,True,부모님 부양(고정)
2025-08-02,2600,교통비,지하철 교통카드,카드,False,
2025-08-02,81900,식비,장보기(마트),카드,False,
2025-08-02,8300,의료/건강,약국,카드,False,
2025-08-03,1351600,주거/통신,대출 상환,계좌이체,True,
2025-08-03,1200,교통비,지하철 교통카드,카드,False,
2025-08-03,3000,기타,벌금,카드,False,
2025-08-04,10000,교육,온라인 강의,카드,False,
2025-08-04,10000,문화/여가,전시회,카드,False,
2025-08-05,61800,기타,기부,카드,False,
2025-08-05,61800,문화/여가,전시회,카드,False,
2025-08-05,10000,의료/건강,헬스장,카드,False,
2025-08-05,61800,문화/여가,중고거래 | 식재료(특수),계좌이체,False,취미(요리|deep)
2025-08-05,55000,주거/통신,휴대폰 요금,카드,True,
2025-08-06,9800,교통비,지하철 교통카드,카드,False,
2025-08-06,35900,문화/여가,온라인몰 | 조미료/소스,카드,False,취미(요리|deep)
2025-08-06,35900,교육,스터디 비용,카드,False,
2025-08-07,35900,의료/건강,치과,카드,False,
2025-08-07,35900,교육,특강/세미나,카드,False,
2025-08-08,35900,기타,수수료,카드,False,
2025-08-08,7600,식비,더벤티 음료,카드,False,
2025-08-09,32800,문화/여가,매장 | 밀키트(취미),카드,False,취미(요리|deep)
2025-08-09,100100,쇼핑,네이버쇼핑 | 의류 구매,카드,False,
2025-08-10,20500,식비,점심 식사,카드,False,
2025-08-11,5100,교통비,지하철 교통카드,카드,False,
2025-08-12,11000,식비,저녁 외식,카드,False,
2025-08-12,15800,식비,배달 음식,카드,False,
2025-08-12,178800,문화/여가,온라인몰 | 요리 도구,카드,False,취미(요리|deep)
2025-08-13,11000,문화/여가,공연,카드,False,
2025-08-13,11000,교육,자격증 응시료,카드,False,
2025-08-13,11000,교육,특강/세미나,카드,False,
2025-08-14,1800,교통비,버스,카드,False,
2025-08-14,20200,식비,저녁 외식,카드,False,
2025-08-14,8100,의료/건강,약국,카드,False,병원 후속(약국) | 돌발 진료(급성)
2025-08-14,17900,의료/건강,병원 진료,카드,False,돌발 진료(급성)
2025-08-15,46900,기타,기부,카드,False,
2025-08-15,27400,쇼핑,올리브영 | 화장품 구매,카드,False,
2025-08-15,12500,식비,편의점,카드,False,
2025-08-15,48200,식비,배달 음식,카드,False,
2025-08-15,46900,쇼핑,올리브영 | 화장품 구매,카드,False,
2025-08-16,28300,식비,투썸플레이스 음료,카드,False,
2025-08-16,28300,교육,자격증 응시료,카드,False,
2025-08-17,28300,교육,온라인 강의,카드,False,
2025-08-17,149100,문화/여가,온라인몰 | 식재료(특수),카드,False,취미(요리|deep)
2025-08-18,149100,문화/여가,입장권/티켓,카드,False,
2025-08-19,149100,기타,수수료,카드,False,
2025-08-19,120000,교통비,항공권,카드,False,
2025-08-19,58200,식비,장보기(마트),카드,False,
2025-08-21,4400,식비,저녁 외식,카드,False,
2025-08-21,9500,식비,편의점,카드,False,
2025-08-21,5400,교통비,버스,카드,False,
2025-08-21,10400,구독,유튜브 프리미엄,카드,True,구독(해지/재가입 가능)
2025-08-23,14800,식비,배달 음식,카드,False,
2025-08-23,9500,교육,자격증 응시료,카드,False,
2025-08-24,14800,교육,도서 구매,카드,False,
2025-08-24,6700,식비,배달 음식,카드,False,
2025-08-25,28100,쇼핑,백화점 | 잡화 구매,카드,False,
2025-08-25,90400,문화/여가,매장 | 밀키트(취미),카드,False,취미(요리|deep)
2025-08-25,28100,교육,자격증 응시료,카드,False,
2025-08-26,23300,식비,저녁 외식,카드,False,
2025-08-26,6300,식비,저녁 외식,카드,False,
2025-08-26,5600,교통비,택시,카드,False,
2025-08-26,23300,기타,수수료,카드,False,
2025-08-27,147900,식비,장보기(마트),카드,False,
2025-08-28,147900,교육,도서 구매,카드,False,
2025-08-29,30300,식비,저녁 외식,카드,False,
2025-08-30,7800,교통비,택시,카드,False,
2025-08-31,5000,교통비,택시,카드,False,
2025-08-31,179800,식비,장보기(마트),카드,False,
2025-09-01,49000,식비,저녁 외식,카드,False,
2025-09-01,5000,의료/건강,치과,카드,False,
2025-09-02,903000,기타,부모님 요양원,계좌이체,True,부모님 부양(고정)
2025-09-02,49000,교육,스터디 비용,카드,False,
2025-09-02,16900,식비,저녁 외식,카드,False,
2025-09-02,16500,식비,메가MGC커피 음료+디저트,카드,False,
2025-09-03,59500,쇼핑,올리브영 | 화장품 구매,카드,False,
2025-09-03,59500,기타,기타 지출,카드,False,
2025-09-03,1351600,주거/통신,대출 상환,계좌이체,True,
2025-09-04,59500,문화/여가,영화 관람,카드,False,
2025-09-04,59500,의료/건강,헬스장,카드,False,
2025-09-05,55000,주거/통신,휴대폰 요금,카드,True,
2025-09-05,8100,식비,배달 음식,카드,False,
2025-09-05,59500,의료/건강,약국,카드,False,
2025-09-06,9100,교통비,지하철 교통카드,카드,False,
2025-09-06,9100,기타,기타 지출,카드,False,
2025-09-06,28200,쇼핑,아울렛 | 의류 구매,카드,False,
2025-09-06,9100,교육,도서 구매,카드,False,
2025-09-07,62900,문화/여가,매장 | 밀키트(취미),카드,False,취미(요리|deep)
2025-09-08,4200,교통비,지하철 교통카드,카드,False,
2025-09-09,4200,교육,도서 구매,카드,False,
2025-09-09,2500,식비,저녁 외식,카드,False,
2025-09-10,150400,식비,장보기(마트),카드,False,
2025-09-10,4600,교통비,지하철 교통카드,카드,False,
2025-09-10,62100,식비,장보기(마트),카드,False,
2025-09-11,141700,문화/여가,공연,카드,False,
2025-09-11,141700,쇼핑,번개장터 | 중고 의류 구매,계좌이체,False,
2025-09-11,11300,식비,배달 음식,카드,False,
2025-09-11,150400,기타,수수료,카드,False,
2025-09-11,14800,식비,배달 음식,카드,False,
2025-09-12,184800,문화/여가,온라인몰 | 밀키트(취미),카드,False,취미(요리|deep)
2025-09-12,184800,교육,스터디 비용,카드,False,
2025-09-12,4600,교통비,지하철 교통카드,카드,False,
2025-09-13,4900,교통비,버스,카드,False,
2025-09-13,73100,쇼핑,백화점 | 의류 구매,카드,False,
2025-09-13,61100,교통비,KTX/기차,카드,False,
2025-09-13,65700,기타,경조사,카드,False,이벤트성 지출
2025-09-14,18900,교통비,지하철 교통카드,카드,False,
2025-09-14,19600,쇼핑,백화점 | 잡화 구매,카드,False,
2025-09-15,6800,교통비,지하철 교통카드,카드,False,
2025-09-15,17800,식비,편의점,카드,False,
2025-09-15,4600,교통비,지하철 교통카드,카드,False,
2025-09-15,40200,쇼핑,카카오선물하기 | 선물 구매,카드,False,
2025-09-15,3300,교통비,지하철 교통카드,카드,False,
2025-09-16,3300,기타,경조사,카드,False,
2025-09-16,121000,쇼핑,백화점 | 의류 구매,카드,False,
2025-09-17,121000,교육,온라인 강의,카드,False,
2025-09-18,7200,식비,컴포즈커피 음료,카드,False,
2025-09-18,8300,식비,점심 식사,카드,False,
2025-09-18,15600,식비,저녁 외식,카드,False,
2025-09-18,121000,기타,수수료,카드,False,
2025-09-18,81500,기타,미용실,카드,False,미용실(2달당 최대1회)
2025-09-19,9700,식비,배달 음식,카드,False,
2025-09-19,6700,식비,저녁 외식,카드,False,
2025-09-19,7600,식비,매머드 익스프레스 음료,카드,False,
2025-09-19,16600,식비,저녁 외식,카드,False,
2025-09-19,10000,식비,점심 식사,카드,False,
2025-09-20,6800,식비,점심 식사,카드,False,
2025-09-21,42100,쇼핑,오늘의집 | 잡화 구매,카드,False,
2025-09-21,10400,구독,유튜브 프리미엄,카드,True,구독(해지/재가입 가능)
2025-09-21,129100,쇼핑,네이버쇼핑 | 의류 구매,카드,False,
2025-09-22,1394100,쇼핑,아이폰 구매,카드,False,이벤트성 지출 | 전자기기(phone)
2025-09-23,11300,문화/여가,공연,카드,False,
2025-09-23,6800,식비,편의점,카드,False,
2025-09-23,11300,교통비,버스,카드,False,
2025-09-23,11300,교육,온라인 강의,카드,False,
2025-09-24,52900,문화/여가,공연,카드,False,
2025-09-24,52900,쇼핑,백화점 | 의류 구매,카드,False,
2025-09-24,52900,문화/여가,영화 관람,카드,False,
2025-09-25,6000,의료/건강,헬스장,카드,False,
2025-09-25,11700,교통비,버스,카드,False,
2025-09-25,55300,쇼핑,백화점 | 의류 구매,카드,False,
2025-09-25,4900,교통비,지하철 교통카드,카드,False,
2025-09-25,6000,식비,편의점,카드,False,
2025-09-25,6200,식비,점심 식사,카드,False,
2025-09-26,6100,교통비,지하철 교통카드,카드,False,
2025-09-27,113100,쇼핑,백화점 | 의류 구매,카드,False,
2025-09-27,46400,쇼핑,오늘의집 | 잡화 구매,카드,False,
2025-09-28,113100,문화/여가,입장권/티켓,카드,False,
2025-09-29,82800,쇼핑,카카오선물하기 | 선물 구매,카드,False,
2025-09-29,51300,쇼핑,당근마켓 | 중고 의류 구매,계좌이체,False,
2025-09-30,10500,식비,공차 음료,카드,False,
2025-09-30,13300,교육,스터디 비용,카드,False,
2025-09-30,23200,식비,편의점,카드,False,
2025-09-30,35900,쇼핑,쿠팡 | 화장품 구매,카드,False,
2025-09-30,49700,교통비,KTX/기차,카드,False,
2025-09-30,13300,교통비,지하철 교통카드,카드,False,
2025-09-30,11900,문화/여가,덕질(앨범 구매) | 아이돌D,카드,False,덕질(소액 반복)
2025-10-01,15300,식비,편의점,카드,False,
2025-10-01,12700,식비,컴포즈커피 음료,카드,False,
2025-10-02,22300,식비,점심 식사,카드,False,
2025-10-02,903000,기타,부모님 요양원,계좌이체,True,부모님 부양(고정)
2025-10-03,10400,식비,저녁 외식,카드,False,
2025-10-03,4100,교통비,버스,카드,False,
2025-10-03,1351600,주거/통신,대출 상환,계좌이체,True,
2025-10-03,7700,식비,메가MGC커피 음료,카드,False,
2025-10-04,24800,식비,저녁 외식,카드,False,
2025-10-04,7700,의료/건강,약국,카드,False,
2025-10-04,222000,쇼핑,네이버쇼핑 | 선물 구매,카드,False,
2025-10-04,7400,식비,편의점,카드,False,
2025-10-05,55000,주거/통신,휴대폰 요금,카드,True,
2025-10-05,10300,식비,편의점,카드,False,
2025-10-05,4200,교통비,버스,카드,False,
2025-10-06,10400,식비,편의점,카드,False,
2025-10-06,3900,식비,매머드 익스프레스 음료,카드,False,
2025-10-07,3900,의료/건강,치과,카드,False,
2025-10-07,3200,교통비,지하철 교통카드,카드,False,
2025-10-08,25200,식비,편의점,카드,False,
2025-10-08,25200,기타,수수료,카드,False,
2025-10-09,193800,식비,장보기(마트),카드,False,
2025-10-09,13000,교통비,지하철 교통카드,카드,False,
2025-10-09,88300,식비,장보기(마트),카드,False,
2025-10-10,4200,식비,점심 식사,카드,False,
2025-10-10,88300,의료/건강,헬스장,카드,False,
2025-10-10,88300,교육,자격증 응시료,카드,False,
2025-10-11,31400,쇼핑,백화점 | 잡화 구매,카드,False,
2025-10-11,5100,교통비,지하철 교통카드,카드,False,
2025-10-11,86300,쇼핑,백화점 | 의류 구매,카드,False,
2025-10-11,35200,문화/여가,덕질(앨범 구매) | 아이돌D,카드,False,덕질(소액 반복)
2025-10-11,235000,식비,장보기(마트),카드,False,
2025-10-12,2100,교통비,지하철 교통카드,카드,False,
2025-10-12,113800,문화/여가,온라인몰 | 요리 도구,카드,False,취미(요리|deep)
2025-10-13,66400,문화/여가,입장권/티켓,카드,False,
2025-10-13,66400,교통비,KTX/기차,카드,False,
2025-10-14,93400,쇼핑,중고나라 | 중고 잡화 구매,계좌이체,False,
2025-10-14,66400,기타,기부,카드,False,
2025-10-15,26100,의료/건강,약국,카드,False,병원 후속(약국) | 돌발 진료(급성)
2025-10-15,4400,의료/건강,약국,카드,False,병원 후속(약국) | 돌발 진료(급성)
2025-10-15,17800,의료/건강,병원 진료,카드,False,돌발 진료(급성)
2025-10-15,40500,의료/건강,병원 진료,카드,False,돌발 진료(급성)
2025-10-15,4400,식비,편의점,카드,False,
2025-10-15,26800,식비,점심 식사,카드,False,
2025-10-15,16600,식비,저녁 외식,카드,False,
2025-10-16,3400,식비,점심 식사,카드,False,
2025-10-16,16600,교육,스터디 비용,카드,False,
2025-10-16,16600,기타,기타 지출,카드,False,
2025-10-17,9900,교통비,택시,카드,False,
2025-10-19,280000,식비,장보기(마트),카드,False,
2025-10-19,131700,쇼핑,아울렛 | 의류 구매,카드,False,
2025-10-19,200000,식비,장보기(마트),카드,False,
2025-10-20,15300,쇼핑,아울렛 | 잡화 구매,카드,False,
2025-10-20,40800,쇼핑,쿠팡 | 잡화 구매,카드,False,
2025-10-20,33700,문화/여가,온라인몰 | 요리 도구,카드,False,취미(요리|deep)
2025-10-21,10400,구독,유튜브 프리미엄,카드,True,구독(해지/재가입 가능)
2025-10-21,33700,기타,경조사,카드,False,
2025-10-21,33700,의료/건강,병원 진료,카드,False,
2025-10-22,5500,교통비,지하철 교통카드,카드,False,
2025-10-22,4000,교통비,지하철 교통카드,카드,False,
2025-10-22,232000,식비,장보기(마트),카드,False,
2025-10-22,17000,문화/여가,매장 | 밀키트(취미),카드,False,취미(요리|deep)
2025-10-23,28500,식비,저녁 외식,카드,False,
2025-10-24,8000,교통비,지하철 교통카드,카드,False,
2025-10-24,5900,교육,스터디 비용,카드,False,
2025-10-24,5900,식비,점심 식사,카드,False,
2025-10-26,5900,교육,자격증 응시료,카드,False,
2025-10-26,31500,식비,점심 식사,카드,False,
2025-10-27,31600,식비,개인카페 음료,카드,False,
2025-10-28,25400,쇼핑,아울렛 | 잡화 구매,카드,False,
2025-10-28,7400,교통비,지하철 교통카드,카드,False,
2025-10-29,8000,교통비,지하철 교통카드,카드,False,
2025-10-29,7400,교육,스터디 비용,카드,False,
2025-10-29,8000,교육,도서 구매,카드,False,
2025-10-29,7600,교통비,지하철 교통카드,카드,False,
2025-10-30,53700,문화/여가,온라인몰 | 요리 도구,카드,False,취미(요리|deep)
2025-10-30,5000,교통비,택시,카드,False,
2025-10-30,172300,식비,장보기(마트),카드,False,
2025-10-31,7300,식비,커피베이 음료,카드,False,
2025-10-31,9600,교통비,버스,카드,False,
2025-10-31,26800,식비,개인카페 음료,카드,False,
2025-10-31,5100,교통비,지하철 교통카드,카드,False,
2025-11-01,15200,식비,이디야 음료,카드,False,
2025-11-02,903000,기타,부모님 요양원,계좌이체,True,부모님 부양(고정)
2025-11-03,15200,쇼핑,쿠팡 | 생필품 구매,카드,False,
2025-11-03,34200,의료/건강,병원 진료,카드,False,돌발 진료(급성)
2025-11-03,279500,식비,장보기(마트),카드,False,
2025-11-03,234700,식비,장보기(마트),카드,False,
2025-11-03,1351600,주거/통신,대출 상환,계좌이체,True,
2025-11-05,55000,주거/통신,휴대폰 요금,카드,True,
2025-11-05,10200,식비,배달 음식,카드,False,
2025-11-05,6700,식비,점심 식사,카드,False,
2025-11-05,7300,교통비,지하철 교통카드,카드,False,
2025-11-06,10200,교육,자격증 응시료,카드,False,
2025-11-06,10200,기타,경조사,카드,False,
2025-11-07,159000,문화/여가,매장 | 조미료/소스,카드,False,취미(요리|deep)
2025-11-08,167900,식비,장보기(마트),카드,False,
2025-11-08,5200,교통비,지하철 교통카드,카드,False,
2025-11-09,3300,식비,메가MGC커피 음료,카드,False,
2025-11-09,11900,식비,편의점,카드,False,
2025-11-10,4600,교통비,버스,카드,False,
2025-11-11,6700,식비,배달 음식,카드,False,
2025-11-11,5200,교통비,버스,카드,False,
2025-11-11,12800,교통비,지하철 교통카드,카드,False,
2025-11-11,3400,의료/건강,약국,카드,False,병원 후속(약국) | 돌발 진료(급성)
2025-11-11,9200,의료/건강,병원 진료,카드,False,돌발 진료(급성)
2025-11-11,102700,쇼핑,백화점 | 의류 구매,카드,False,
2025-11-12,16600,식비,배달 음식,카드,False,
2025-11-13,8600,식비,저녁 외식,카드,False,
2025-11-13,8600,기타,벌금,카드,False,
2025-11-13,23200,식비,배달 음식,카드,False,
2025-11-15,23200,기타,기타 지출,카드,False,
2025-11-15,278900,식비,장보기(마트),카드,False,
2025-11-15,23200,의료/건강,치과,카드,False,
2025-11-15,152400,기타,미용실,카드,False,미용실(2달당 최대1회)
2025-11-16,714000,교통비,항공권,카드,False,해외여행 항공권 사전구매 | 개인 2인
2025-11-17,51900,교육,자격증 응시료,카드,False,
2025-11-17,51900,기타,경조사,카드,False,
2025-11-17,51900,쇼핑,아울렛 | 의류 구매,카드,False,
2025-11-18,13000,식비,편의점,카드,False,
2025-11-18,16100,식비,점심 식사,카드,False,
2025-11-19,13000,교육,자격증 응시료,카드,False,
2025-11-19,13000,교육,자격증 응시료,카드,False,
2025-11-19,123200,문화/여가,매장 | 조미료/소스,카드,False,취미(요리|deep)
2025-11-20,17800,식비,점심 식사,카드,False,
2025-11-20,22400,문화/여가,온라인몰 | 밀키트(취미),카드,False,취미(요리|deep)
2025-11-20,13700,식비,메가MGC커피 음료,카드,False,
2025-11-20,17800,교육,스터디 비용,카드,False,
2025-11-20,31900,쇼핑,쿠팡 | 생필품 구매,카드,False,
2025-11-20,31900,문화/여가,온라인몰 | 밀키트(취미),카드,False,취미(요리|deep)
2025-11-20,17800,문화/여가,전시회,카드,False,
2025-11-20,23400,식비,편의점,카드,False,
2025-11-21,15000,식비,점심 식사,카드,False,
2025-11-21,14900,식비,컴포즈커피 음료,카드,False,
2025-11-21,36200,의료/건강,약국,카드,False,병원 후속(약국) | 돌발 진료(급성)
2025-11-21,56100,의료/건강,병원 진료,카드,False,돌발 진료(급성)
2025-11-21,10400,구독,유튜브 프리미엄,카드,True,구독(해지/재가입 가능)
2025-11-22,4700,교통비,지하철 교통카드,카드,False,
2025-11-22,10000,문화/여가,전시회,카드,False,
2025-11-23,216700,식비,장보기(마트),카드,False,
2025-11-23,60400,쇼핑,아울렛 | 선물 구매,카드,False,
2025-11-24,1500,교통비,버스,카드,False,
2025-11-24,200000,교육,스터디 비용,카드,False,
2025-11-25,3400,교통비,지하철 교통카드,카드,False,
2025-11-26,14800,식비,공차 음료,카드,False,
2025-11-26,3400,교육,자격증 응시료,카드,False,
2025-11-27,6400,교통비,버스,카드,False,
2025-11-27,9100,식비,점심 식사,카드,False,
2025-11-29,6100,식비,더벤티 음료+디저트,카드,False,
2025-11-29,14100,식비,점심 식사,카드,False,
2025-11-29,14100,교육,특강/세미나,카드,False,
2025-11-30,185000,식비,장보기(마트),카드,False,
2025-12-01,3000,교통비,지하철 교통카드,카드,False,
2025-12-01,2000,교통비,택시,카드,False,
2025-12-02,4000,교육,온라인 강의,카드,False,
2025-12-02,9400,식비,편의점,카드,False,
2025-12-02,903000,기타,부모님 요양원,계좌이체,True,부모님 부양(고정)
2025-12-02,4000,문화/여가,전시회,카드,False,
2025-12-03,1351600,주거/통신,대출 상환,계좌이체,True,
2025-12-04,9400,기타,기타 지출,카드,False,
2025-12-04,9900,식비,배달 음식,카드,False,
2025-12-05,5000,기타,기타 지출,카드,False,
2025-12-05,2400,식비,점심 식사,카드,False,
2025-12-05,5000,식비,저녁 외식,카드,False,
2025-12-05,55000,주거/통신,휴대폰 요금,카드,True,
2025-12-06,3400,교통비,버스,카드,False,
2025-12-06,3400,기타,기타 지출,카드,False,
2025-12-07,5600,교통비,버스,카드,False,
2025-12-07,75000,식비,장보기(마트),카드,False,
2025-12-08,1800,교통비,지하철 교통카드,카드,False,
2025-12-08,7100,식비,편의점,카드,False,
2025-12-08,5600,문화/여가,공연,카드,False,
2025-12-09,3600,식비,편의점,카드,False,
2025-12-09,30100,쇼핑,아울렛 | 의류 구매,카드,False,
2025-12-09,17000,쇼핑,카카오선물하기 | 화장품 구매,카드,False,
2025-12-10,6100,식비,이디야 음료,카드,False,
2025-12-10,8000,의료/건강,약국,카드,False,병원 후속(약국) | 돌발 진료(급성)
2025-12-10,23200,의료/건강,병원 진료,카드,False,돌발 진료(급성)
2025-12-10,11300,쇼핑,카카오선물하기 | 잡화 구매,카드,False,
2025-12-11,49600,쇼핑,네이버쇼핑 | 신발 구매,카드,False,
2025-12-11,3600,교통비,버스,카드,False,
2025-12-11,5200,식비,컴포즈커피 음료,카드,False,
2025-12-12,6300,식비,편의점,카드,False,
2025-12-13,4500,쇼핑,백화점 | 잡화 구매,카드,False,
2025-12-14,91200,식비,장보기(마트),카드,False,
2025-12-14,1400,교통비,지하철 교통카드,카드,False,
2025-12-14,4000,문화/여가,전시회,카드,False,
2025-12-15,3400,식비,점심 식사,카드,False,
2025-12-15,1500,교통비,지하철 교통카드,카드,False,
2025-12-16,27000,식비,장보기(마트),카드,False,
2025-12-16,98700,식비,장보기(마트),카드,False,
2025-12-16,80000,기타,기부,카드,False,
2025-12-16,1500,교육,도서 구매,카드,False,
2025-12-16,600,교통비,지하철 교통카드,카드,False,
2025-12-17,6400,식비,점심 식사,카드,False,
2025-12-17,27000,교육,자격증 응시료,카드,False,
2025-12-17,1000,교통비,지하철 교통카드,카드,False,
2025-12-17,1900,식비,컴포즈커피 음료,카드,False,
2025-12-18,1000,의료/건강,병원 진료,카드,False,
2025-12-18,2400,교통비,지하철 교통카드,카드,False,
2025-12-19,2100,교육,자격증 응시료,카드,False,
2025-12-19,2800,의료/건강,약국,카드,False,병원 후속(약국) | 돌발 진료(급성)
2025-12-19,10300,의료/건강,병원 진료,카드,False,돌발 진료(급성)
2025-12-19,2400,교육,자격증 응시료,카드,False,
2025-12-19,55000,문화/여가,입장권/티켓,카드,False,해외여행 관광(개인)
2025-12-19,128500,식비,점심 식사,카드,False,해외여행 식비(개인)
2025-12-19,400400,문화/여가,호텔 숙박비,카드,False,해외여행(개인)
2025-12-19,2100,식비,배달 음식,카드,False,
2025-12-20,4200,식비,배달 음식,카드,False,
2025-12-20,6500,식비,저녁 외식,카드,False,
2025-12-20,4200,의료/건강,약국,카드,False,
2025-12-20,67600,식비,점심 식사,카드,False,해외여행 식비(개인)
2025-12-20,417400,문화/여가,호텔 숙박비,카드,False,해외여행(개인)
2025-12-20,129000,문화/여가,입장권/티켓,카드,False,해외여행 관광(개인)
2025-12-21,7200,쇼핑,네이버쇼핑 | 잡화 구매,카드,False,
2025-12-21,461400,문화/여가,호텔 숙박비,카드,False,해외여행(개인)
2025-12-21,17000,구독,넷플릭스,카드,True,구독(해지/재가입 가능)
2025-12-21,6500,의료/건강,치과,카드,False,
2025-12-21,6500,기타,경조사,카드,False,
2025-12-21,6500,기타,수수료,카드,False,
2025-12-21,119200,식비,점심 식사,카드,False,해외여행 식비(개인)
2025-12-21,10400,구독,유튜브 프리미엄,카드,True,구독(해지/재가입 가능)
2025-12-21,6500,교육,도서 구매,카드,False,
2025-12-22,7200,문화/여가,영화 관람,카드,False,
2025-12-22,553900,문화/여가,호텔 숙박비,카드,False,해외여행(개인)
2025-12-22,58300,쇼핑,백화점 | 의류 구매,카드,False,
2025-12-22,72700,문화/여가,입장권/티켓,카드,False,해외여행 관광(개인)
2025-12-22,146900,식비,점심 식사,카드,False,해외여행 식비(개인)
2025-12-22,7200,의료/건강,약국,카드,False,
2025-12-22,10800,문화/여가,덕질(앨범 구매) | 아이돌D,카드,False,덕질(소액 반복)
2025-12-23,430800,문화/여가,호텔 숙박비,카드,False,해외여행(개인)
2025-12-23,80800,식비,점심 식사,카드,False,해외여행 식비(개인)
2025-12-23,188900,문화/여가,입장권/티켓,카드,False,해외여행 관광(개인)
2025-12-23,4700,식비,편의점,카드,False,
2025-12-23,9100,기타,기타 지출,카드,False,
2025-12-23,9100,식비,편의점,카드,False,
2025-12-23,1000,교통비,버스,카드,False,
2025-12-24,114900,문화/여가,입장권/티켓,카드,False,해외여행 관광(개인)
2025-12-24,800,교통비,버스,카드,False,
2025-12-24,9300,식비,저녁 외식,카드,False,
2025-12-24,502500,문화/여가,호텔 숙박비,카드,False,해외여행(개인)
2025-12-24,78600,식비,점심 식사,카드,False,해외여행 식비(개인)
2025-12-24,4700,교육,자격증 응시료,카드,False,
2025-12-25,12400,의료/건강,병원 진료,카드,False,돌발 진료(급성)
2025-12-25,1200,기타,경조사,카드,False,
2025-12-25,14400,쇼핑,백화점 | 잡화 구매,카드,False,
2025-12-25,32200,쇼핑,네이버쇼핑 | 의류 구매,카드,False,
2025-12-25,6700,식비,개인카페 음료,카드,False,
2025-12-26,3400,식비,저녁 외식,카드,False,
2025-12-27,1593100,쇼핑,데스크탑 구매,카드,False,이벤트성 지출 | 전자기기(pc)
2025-12-27,7400,쇼핑,아울렛 | 잡화 구매,카드,False,
2025-12-28,1800,교통비,지하철 교통카드,카드,False,
2025-12-29,1800,교육,도서 구매,카드,False,
2025-12-30,2800,교통비,택시,카드,False,
2025-12-31,81000,식비,장보기(마트),카드,False,
2025-12-31,57500,식비,장보기(마트),카드,False,
2025-12-31,80000,교육,스터디 비용,카드,False,
